-- phpMyAdmin SQL Dump
-- version 4.8.5
-- https://www.phpmyadmin.net/
--
-- Host: 127.0.0.1
-- Generation Time: Nov 22, 2020 at 04:35 PM
-- Server version: 10.1.40-MariaDB
-- PHP Version: 7.3.5

SET SQL_MODE = "NO_AUTO_VALUE_ON_ZERO";
SET AUTOCOMMIT = 0;
START TRANSACTION;
SET time_zone = "+00:00";


/*!40101 SET @OLD_CHARACTER_SET_CLIENT=@@CHARACTER_SET_CLIENT */;
/*!40101 SET @OLD_CHARACTER_SET_RESULTS=@@CHARACTER_SET_RESULTS */;
/*!40101 SET @OLD_COLLATION_CONNECTION=@@COLLATION_CONNECTION */;
/*!40101 SET NAMES utf8mb4 */;

--
-- Database: `amrdb`
--

-- --------------------------------------------------------

--
-- Table structure for table `antibiotics`
--

CREATE TABLE `antibiotics` (
  `antibiotic_id` int(11) NOT NULL,
  `antibiotic_name` varchar(255) COLLATE utf8_unicode_ci NOT NULL,
  `created_by` int(11) NOT NULL,
  `created_at` datetime NOT NULL,
  `updated_at` datetime DEFAULT NULL
) ENGINE=InnoDB DEFAULT CHARSET=utf8 COLLATE=utf8_unicode_ci;

--
-- Dumping data for table `antibiotics`
--

INSERT INTO `antibiotics` (`antibiotic_id`, `antibiotic_name`, `created_by`, `created_at`, `updated_at`) VALUES
(1, 'Amikasin', 3, '2019-06-27 07:20:23', NULL),
(2, 'Ampicillin', 3, '2019-06-27 07:20:44', NULL),
(3, 'Ciprofloxacin', 3, '2019-06-27 07:21:17', NULL),
(4, 'Gentamicin', 1, '2019-06-27 11:12:26', NULL),
(5, 'Amoxicilin Clavulanate', 1, '2019-07-24 17:26:56', NULL),
(6, 'Azithromycin', 1, '2019-07-24 17:27:34', NULL),
(7, 'Cefepime', 1, '2019-07-24 17:28:05', NULL),
(8, 'Cefixime', 1, '2019-07-24 17:28:30', NULL),
(9, 'Cefotaxime', 1, '2019-07-24 17:29:27', NULL),
(10, 'Ceftazidime', 1, '2019-07-24 19:14:47', NULL),
(11, 'Ceftiofur', 1, '2019-07-24 19:15:18', NULL),
(12, 'Ceftriaxone', 1, '2019-07-24 19:16:06', NULL),
(14, 'Colistin', 1, '2019-07-24 19:17:26', NULL),
(15, 'Cotrimoxazole', 1, '2019-07-24 19:17:54', NULL),
(16, 'Nalidixic Acid', 1, '2019-07-24 19:18:50', NULL),
(17, 'Netilmycin', 1, '2019-07-24 19:19:11', NULL),
(18, 'Nitrofurantoin', 1, '2019-07-24 19:19:40', NULL),
(19, 'Oxacillin', 1, '2019-07-24 19:20:03', NULL),
(20, 'Tigecycline', 1, '2019-07-24 19:20:31', NULL),
(21, 'Vancomycin', 1, '2019-07-24 19:21:01', NULL),
(22, 'Levofloxacin', 1, '2019-07-24 19:21:23', NULL),
(23, 'Imipenem', 1, '2019-07-24 20:07:53', NULL),
(24, 'Chloramphenicol', 4, '2019-08-19 07:55:40', NULL),
(25, 'Cefoxitin', 4, '2019-08-19 08:03:21', NULL),
(26, 'Meropenem', 4, '2019-08-19 08:05:32', NULL),
(27, 'Tetracycline', 4, '2019-08-19 08:07:42', NULL),
(28, 'Trimethoprim', 4, '2019-08-19 08:08:52', NULL),
(29, 'Cefuroxime', 1, '2019-08-21 15:29:47', NULL),
(30, 'Amoxicilin', 1, '2019-08-22 05:31:08', NULL),
(31, 'Aztreonam', 1, '2019-08-27 17:20:17', NULL),
(32, 'Cefazolin', 1, '2019-08-27 17:20:33', NULL),
(33, 'Cefoxitin', 1, '2019-08-27 17:20:51', NULL),
(34, 'Cephalexin', 1, '2019-08-27 17:21:06', NULL),
(35, 'Clarithromycin', 1, '2019-08-27 17:21:25', NULL),
(36, 'Clindamycin', 1, '2019-08-27 17:22:04', NULL),
(37, 'Doxycycline', 1, '2019-08-27 17:22:17', NULL),
(38, 'Enrofloxacin', 1, '2019-08-27 17:22:45', NULL),
(39, 'Erythromycin', 1, '2019-08-27 17:23:02', NULL),
(40, 'Ethambutol', 1, '2019-08-27 17:23:17', NULL),
(41, 'Fusidic Acid', 1, '2019-08-27 17:23:36', NULL),
(42, 'Isoniazid', 1, '2019-08-27 17:23:52', NULL),
(43, 'Linezolid', 1, '2019-08-27 17:24:06', NULL),
(44, 'Marbofloxacin', 1, '2019-08-27 17:24:22', NULL),
(45, 'Mecillinam', 1, '2019-08-27 17:24:37', NULL),
(46, 'Neomycin', 1, '2019-08-27 17:24:55', NULL),
(47, 'Ofloxacin', 1, '2019-08-27 17:25:14', NULL),
(48, 'Orbifloxacin', 1, '2019-08-27 17:25:29', NULL),
(49, 'Penicillin G', 1, '2019-08-27 17:25:46', NULL),
(50, 'Piperacillin', 1, '2019-08-27 17:26:02', NULL),
(51, 'Potentiated Sulfas', 1, '2019-08-27 17:26:20', NULL),
(52, 'Pradofloxacin', 1, '2019-08-27 17:26:39', NULL),
(53, 'Rifampicin', 1, '2019-08-27 17:26:56', NULL),
(54, 'Tazobactam Piperacillin', 1, '2019-08-27 17:27:12', '2019-08-27 18:57:49'),
(55, 'Piperacillin', 1, '2019-08-27 17:27:28', NULL),
(56, 'Ticarcillin', 1, '2019-08-27 17:27:41', NULL),
(57, 'Tobramycin', 1, '2019-08-27 17:28:15', NULL);

-- --------------------------------------------------------

--
-- Table structure for table `breed`
--

CREATE TABLE `breed` (
  `breed_id` int(11) NOT NULL,
  `species_id` int(11) DEFAULT NULL,
  `breed_name` varchar(255) COLLATE utf8_unicode_ci NOT NULL,
  `created_by` int(11) NOT NULL,
  `created_at` datetime NOT NULL,
  `updated_at` datetime DEFAULT NULL
) ENGINE=InnoDB DEFAULT CHARSET=utf8 COLLATE=utf8_unicode_ci;

--
-- Dumping data for table `breed`
--

INSERT INTO `breed` (`breed_id`, `species_id`, `breed_name`, `created_by`, `created_at`, `updated_at`) VALUES
(1, 1, 'Human', 1, '2019-07-24 17:10:56', NULL),
(4, 2, 'Broiler', 1, '2019-07-24 17:12:08', NULL),
(5, 2, 'Layer', 1, '2019-07-24 17:12:45', NULL),
(6, 2, 'Deshi Chicken', 1, '2019-07-24 17:13:15', NULL),
(7, 3, 'Bull Dog', 1, '2019-07-24 17:13:52', NULL),
(8, 3, 'German Shepherd', 1, '2019-07-24 17:14:26', NULL),
(9, 3, 'Elfashian dog', 1, '2019-07-24 17:15:01', '2019-08-18 05:22:34'),
(10, 4, 'Jersey Cattle', 1, '2019-07-24 17:15:44', NULL),
(11, 5, 'Black Bangle', 1, '2019-07-28 06:14:54', NULL),
(12, 5, 'Jamuna Pari', 1, '2019-07-28 06:15:21', NULL),
(13, 2, 'Sonali', 1, '2019-07-28 06:15:51', NULL),
(16, 4, 'Red Chittagong Cattle (RCC)', 4, '2019-08-18 05:23:02', '2019-08-18 05:25:13');

-- --------------------------------------------------------

--
-- Table structure for table `institution`
--

CREATE TABLE `institution` (
  `institution_id` int(11) NOT NULL,
  `institution_name` varchar(255) COLLATE utf8_unicode_ci NOT NULL,
  `created_by` int(11) NOT NULL COMMENT 'institution created by user id',
  `created_at` datetime DEFAULT NULL,
  `updated_at` datetime DEFAULT NULL
) ENGINE=InnoDB DEFAULT CHARSET=utf8 COLLATE=utf8_unicode_ci;

--
-- Dumping data for table `institution`
--

INSERT INTO `institution` (`institution_id`, `institution_name`, `created_by`, `created_at`, `updated_at`) VALUES
(1, 'Labaid Specialized Hospital', 1, '2019-07-24 20:01:31', NULL),
(2, 'Chittagong Medical College and Hospital (CMCH)', 1, '2019-07-24 20:02:08', '2019-08-17 17:50:19'),
(3, 'Chattogram Veterinary and Animal Sciences University (CVASU)', 1, '2019-07-24 20:02:46', NULL),
(4, 'Bangladesh Agricultural University (BAU)', 1, '2019-07-24 20:03:14', NULL),
(5, 'Field Disease Investigation Laboratory (FDIL)', 1, '2019-07-24 20:03:49', NULL),
(6, 'Veterinary Public Health Laboratory (VPHL)', 1, '2019-07-24 20:04:49', NULL),
(7, 'Central Disease Investigation Laboratory (CDIL)', 1, '2019-07-24 20:05:09', NULL),
(8, 'Square Hospitals Ltd', 1, '2019-08-27 20:34:01', NULL);

-- --------------------------------------------------------

--
-- Table structure for table `migrations`
--

CREATE TABLE `migrations` (
  `id` int(10) UNSIGNED NOT NULL,
  `migration` varchar(255) COLLATE utf8mb4_unicode_ci NOT NULL,
  `batch` int(11) NOT NULL
) ENGINE=InnoDB DEFAULT CHARSET=utf8mb4 COLLATE=utf8mb4_unicode_ci;

--
-- Dumping data for table `migrations`
--

INSERT INTO `migrations` (`id`, `migration`, `batch`) VALUES
(1, '2014_10_12_000000_create_users_table', 1),
(2, '2014_10_12_100000_create_password_resets_table', 2),
(3, '2019_09_07_061838_create_permission_tables', 3);

-- --------------------------------------------------------

--
-- Table structure for table `model_has_permissions`
--

CREATE TABLE `model_has_permissions` (
  `permission_id` int(10) UNSIGNED NOT NULL,
  `model_type` varchar(191) COLLATE utf8mb4_unicode_ci NOT NULL,
  `model_id` bigint(20) UNSIGNED NOT NULL
) ENGINE=InnoDB DEFAULT CHARSET=utf8mb4 COLLATE=utf8mb4_unicode_ci;

-- --------------------------------------------------------

--
-- Table structure for table `model_has_roles`
--

CREATE TABLE `model_has_roles` (
  `role_id` int(10) UNSIGNED NOT NULL,
  `model_type` varchar(191) COLLATE utf8mb4_unicode_ci NOT NULL,
  `model_id` bigint(20) UNSIGNED NOT NULL
) ENGINE=InnoDB DEFAULT CHARSET=utf8mb4 COLLATE=utf8mb4_unicode_ci;

--
-- Dumping data for table `model_has_roles`
--

INSERT INTO `model_has_roles` (`role_id`, `model_type`, `model_id`) VALUES
(1, 'App\\User', 6),
(1, 'App\\User', 16),
(2, 'App\\User', 1),
(2, 'App\\User', 7),
(7, 'App\\User', 14),
(7, 'App\\User', 15);

-- --------------------------------------------------------

--
-- Table structure for table `pathogen`
--

CREATE TABLE `pathogen` (
  `pathogen_id` int(11) NOT NULL,
  `pathogen_name` varchar(255) COLLATE utf8_unicode_ci NOT NULL,
  `created_by` int(11) NOT NULL,
  `created_at` datetime NOT NULL,
  `updated_at` datetime DEFAULT NULL
) ENGINE=InnoDB DEFAULT CHARSET=utf8 COLLATE=utf8_unicode_ci;

--
-- Dumping data for table `pathogen`
--

INSERT INTO `pathogen` (`pathogen_id`, `pathogen_name`, `created_by`, `created_at`, `updated_at`) VALUES
(1, 'E. coli', 3, '2019-06-27 06:50:23', '2019-08-25 20:45:33'),
(2, 'Campylobacter fetus', 3, '2019-06-27 06:51:34', NULL),
(3, 'Listeria', 1, '2019-07-14 15:50:06', NULL),
(4, 'Salmonella', 1, '2019-07-14 15:51:21', NULL),
(5, 'Shigella', 1, '2019-07-14 16:02:58', NULL),
(6, 'Campylobacter jejuni', 1, '2019-07-15 15:21:05', NULL),
(7, 'Klebsiella', 1, '2019-07-24 17:22:15', NULL),
(8, 'Pseudomonas', 1, '2019-07-24 17:22:44', NULL),
(9, 'Staphylococcus aureus', 1, '2019-07-24 17:23:50', NULL),
(10, 'Acinetobacter', 1, '2019-07-24 17:25:37', NULL),
(11, 'Streptococcus', 1, '2019-07-24 20:09:10', NULL);

-- --------------------------------------------------------

--
-- Table structure for table `permissions`
--

CREATE TABLE `permissions` (
  `id` int(10) UNSIGNED NOT NULL,
  `name` varchar(191) COLLATE utf8mb4_unicode_ci NOT NULL,
  `guard_name` varchar(191) COLLATE utf8mb4_unicode_ci NOT NULL,
  `created_by` int(11) NOT NULL,
  `created_at` timestamp NULL DEFAULT NULL,
  `updated_at` timestamp NULL DEFAULT NULL
) ENGINE=InnoDB DEFAULT CHARSET=utf8mb4 COLLATE=utf8mb4_unicode_ci;

--
-- Dumping data for table `permissions`
--

INSERT INTO `permissions` (`id`, `name`, `guard_name`, `created_by`, `created_at`, `updated_at`) VALUES
(13, 'Insert data', 'web', 1, '2020-03-02 09:23:37', '2020-03-02 09:23:37'),
(14, 'view data', 'web', 1, '2020-03-02 09:23:46', '2020-03-02 09:23:46'),
(15, 'report', 'web', 1, '2020-03-02 09:23:51', '2020-03-02 09:23:51'),
(16, 'User management', 'web', 1, '2020-03-02 09:24:13', '2020-03-02 09:24:13'),
(17, 'Institutions', 'web', 1, '2020-03-03 01:13:06', '2020-03-03 01:13:06'),
(18, 'Species', 'web', 1, '2020-03-03 01:25:47', '2020-03-03 01:25:47');

-- --------------------------------------------------------

--
-- Table structure for table `roles`
--

CREATE TABLE `roles` (
  `id` int(10) UNSIGNED NOT NULL,
  `name` varchar(191) COLLATE utf8mb4_unicode_ci NOT NULL,
  `guard_name` varchar(191) COLLATE utf8mb4_unicode_ci NOT NULL,
  `created_by` int(11) NOT NULL,
  `created_at` timestamp NULL DEFAULT NULL,
  `updated_at` timestamp NULL DEFAULT NULL
) ENGINE=InnoDB DEFAULT CHARSET=utf8mb4 COLLATE=utf8mb4_unicode_ci;

--
-- Dumping data for table `roles`
--

INSERT INTO `roles` (`id`, `name`, `guard_name`, `created_by`, `created_at`, `updated_at`) VALUES
(1, 'user', 'web', 1, '2019-09-07 00:30:16', '2019-09-07 00:30:16'),
(2, 'admin', 'web', 1, '2019-09-07 00:30:16', '2019-09-07 00:30:16'),
(7, 'DEO', 'web', 1, '2020-03-03 01:44:04', NULL);

-- --------------------------------------------------------

--
-- Table structure for table `role_has_permissions`
--

CREATE TABLE `role_has_permissions` (
  `permission_id` int(10) UNSIGNED NOT NULL,
  `role_id` int(10) UNSIGNED NOT NULL,
  `created_at` datetime DEFAULT NULL ON UPDATE CURRENT_TIMESTAMP,
  `updated_at` datetime DEFAULT NULL
) ENGINE=InnoDB DEFAULT CHARSET=utf8mb4 COLLATE=utf8mb4_unicode_ci;

--
-- Dumping data for table `role_has_permissions`
--

INSERT INTO `role_has_permissions` (`permission_id`, `role_id`, `created_at`, `updated_at`) VALUES
(13, 1, NULL, NULL),
(13, 2, NULL, NULL),
(13, 7, NULL, NULL),
(14, 1, NULL, NULL),
(14, 2, NULL, NULL),
(15, 1, NULL, NULL),
(15, 2, NULL, NULL),
(16, 2, NULL, NULL),
(17, 1, NULL, NULL),
(17, 2, NULL, NULL),
(18, 1, NULL, NULL),
(18, 2, NULL, NULL);

-- --------------------------------------------------------

--
-- Table structure for table `samples`
--

CREATE TABLE `samples` (
  `sample_id` bigint(11) NOT NULL,
  `sample_collection_date` datetime NOT NULL,
  `institution_id` int(11) NOT NULL,
  `species_id` int(11) NOT NULL,
  `breed_id` int(11) DEFAULT NULL,
  `specimen_id` int(11) NOT NULL,
  `specimen_location_id` int(11) DEFAULT NULL,
  `pathogen_id` int(11) NOT NULL,
  `no_of_antibiotic_test` int(11) NOT NULL,
  `created_by` int(11) NOT NULL,
  `created_at` datetime NOT NULL,
  `updated_at` datetime DEFAULT NULL
) ENGINE=InnoDB DEFAULT CHARSET=utf8 COLLATE=utf8_unicode_ci;

--
-- Dumping data for table `samples`
--

INSERT INTO `samples` (`sample_id`, `sample_collection_date`, `institution_id`, `species_id`, `breed_id`, `specimen_id`, `specimen_location_id`, `pathogen_id`, `no_of_antibiotic_test`, `created_by`, `created_at`, `updated_at`) VALUES
(1, '2019-07-10 00:00:00', 1, 1, 1, 1, 1, 1, 3, 1, '2019-07-28 07:08:52', NULL),
(2, '2019-07-11 00:00:00', 7, 2, 5, 2, 3, 3, 5, 1, '2019-07-28 07:10:42', NULL),
(3, '2019-07-10 00:00:00', 1, 1, 1, 1, 2, 2, 3, 1, '2019-07-28 07:43:16', NULL),
(4, '2019-07-11 00:00:00', 3, 2, 4, 1, 3, 3, 3, 1, '2019-07-28 07:47:40', NULL),
(5, '2019-08-13 00:00:00', 2, 2, 6, 3, 4, 1, 2, 1, '2019-07-31 18:41:34', NULL),
(6, '2019-08-08 00:00:00', 1, 1, 1, 1, 1, 3, 2, 1, '2019-08-01 06:09:01', NULL),
(7, '2019-08-06 00:00:00', 4, 2, 6, 3, 2, 9, 2, 1, '2019-08-01 06:14:49', NULL),
(8, '2019-08-06 00:00:00', 1, 1, 1, 1, 1, 7, 3, 1, '2019-08-15 08:27:23', NULL);

-- --------------------------------------------------------

--
-- Table structure for table `sampletests`
--

CREATE TABLE `sampletests` (
  `test_id` int(11) NOT NULL,
  `sample_id` int(11) NOT NULL,
  `pathogen_id` int(11) NOT NULL,
  `antibiotic_id` int(11) NOT NULL,
  `test_method_id` int(11) NOT NULL,
  `sensitivity` varchar(10) COLLATE utf8_unicode_ci NOT NULL,
  `created_by` int(11) NOT NULL,
  `created_at` datetime NOT NULL,
  `updated_at` datetime DEFAULT NULL
) ENGINE=InnoDB DEFAULT CHARSET=utf8 COLLATE=utf8_unicode_ci;

--
-- Dumping data for table `sampletests`
--

INSERT INTO `sampletests` (`test_id`, `sample_id`, `pathogen_id`, `antibiotic_id`, `test_method_id`, `sensitivity`, `created_by`, `created_at`, `updated_at`) VALUES
(1, 1, 1, 1, 1, 'R', 1, '2019-07-28 07:09:13', NULL),
(2, 1, 1, 5, 1, 'I', 1, '2019-07-28 07:09:13', NULL),
(3, 1, 1, 14, 1, 'S', 1, '2019-07-28 07:09:13', NULL),
(4, 2, 3, 5, 1, 'R', 1, '2019-07-28 07:11:12', NULL),
(5, 2, 3, 17, 1, 'R', 1, '2019-07-28 07:11:12', NULL),
(6, 2, 3, 12, 1, 'S', 1, '2019-07-28 07:11:12', NULL),
(7, 2, 3, 18, 1, 'S', 1, '2019-07-28 07:11:12', NULL),
(8, 2, 3, 21, 1, 'S', 1, '2019-07-28 07:11:12', NULL),
(9, 6, 3, 1, 1, 'R', 1, '2019-08-01 06:09:17', NULL),
(10, 6, 3, 13, 1, 'S', 1, '2019-08-01 06:09:17', NULL);

-- --------------------------------------------------------

--
-- Table structure for table `sglisamples`
--

CREATE TABLE `sglisamples` (
  `sample_id` bigint(11) NOT NULL,
  `test_date` date NOT NULL,
  `institution_id` int(11) NOT NULL,
  `species_id` int(11) NOT NULL,
  `breed_id` int(11) NOT NULL,
  `specimen_id` int(11) NOT NULL,
  `specimen_location_id` int(11) NOT NULL,
  `test_method_id` int(11) NOT NULL,
  `pathogen_id` int(11) NOT NULL,
  `created_by` int(11) NOT NULL,
  `created_at` datetime NOT NULL,
  `updated_at` datetime DEFAULT NULL
) ENGINE=InnoDB DEFAULT CHARSET=utf8 COLLATE=utf8_unicode_ci;

--
-- Dumping data for table `sglisamples`
--

INSERT INTO `sglisamples` (`sample_id`, `test_date`, `institution_id`, `species_id`, `breed_id`, `specimen_id`, `specimen_location_id`, `test_method_id`, `pathogen_id`, `created_by`, `created_at`, `updated_at`) VALUES
(1, '2019-04-30', 7, 2, 4, 2, 3, 1, 1, 1, '2019-08-22 05:39:30', NULL),
(2, '2019-04-30', 7, 2, 13, 2, 3, 1, 1, 1, '2019-08-22 05:50:23', NULL),
(3, '2019-05-31', 7, 2, 4, 2, 3, 1, 1, 1, '2019-08-22 06:07:53', NULL),
(4, '2019-05-31', 7, 2, 13, 2, 3, 1, 1, 1, '2019-08-22 06:28:43', NULL),
(5, '2019-05-31', 7, 2, 4, 2, 3, 1, 1, 1, '2019-08-22 06:35:10', NULL),
(6, '2019-05-31', 7, 2, 13, 2, 3, 1, 1, 1, '2019-08-22 06:50:43', NULL),
(7, '2019-06-28', 7, 2, 13, 2, 3, 1, 1, 1, '2019-08-22 07:35:47', NULL),
(8, '2019-06-28', 7, 2, 13, 2, 3, 1, 1, 1, '2019-08-22 07:41:25', NULL),
(9, '2019-06-28', 7, 2, 13, 2, 3, 1, 1, 1, '2019-08-22 08:17:04', NULL),
(10, '2019-06-28', 7, 2, 4, 2, 3, 1, 1, 1, '2019-08-22 08:21:39', NULL),
(11, '2019-08-14', 2, 1, 1, 1, 2, 2, 11, 1, '2019-08-26 13:02:35', NULL),
(13, '2019-02-13', 3, 1, 1, 1, 2, 2, 11, 1, '2019-08-29 06:20:27', NULL),
(15, '2019-07-10', 8, 1, 1, 1, 6, 2, 1, 1, '2019-08-29 06:24:25', NULL),
(16, '2019-06-12', 1, 1, 1, 1, 6, 2, 1, 1, '2019-08-29 06:26:04', NULL),
(17, '2019-06-12', 1, 1, 1, 1, 6, 2, 1, 1, '2019-08-29 07:03:25', NULL),
(18, '2019-03-11', 8, 1, 1, 1, 6, 1, 5, 1, '2019-08-29 07:20:52', NULL),
(19, '2019-09-03', 4, 2, 4, 2, 4, 1, 5, 4, '2019-09-03 03:14:20', NULL),
(20, '2019-09-01', 7, 2, 4, 2, 3, 2, 3, 4, '2019-09-03 03:47:27', NULL),
(21, '2019-08-13', 7, 2, 13, 2, 3, 2, 3, 4, '2019-09-03 03:50:08', NULL),
(26, '2019-08-08', 4, 2, 4, 2, 5, 1, 7, 4, '2019-09-05 10:18:49', NULL),
(28, '2019-09-04', 7, 2, 5, 1, 3, 2, 3, 4, '2019-09-08 12:32:46', NULL),
(29, '2019-09-07', 2, 1, 1, 1, 2, 1, 11, 4, '2019-09-08 12:39:30', NULL),
(30, '2019-09-05', 8, 1, 1, 5, 2, 1, 7, 4, '2019-09-08 12:43:08', NULL),
(31, '2019-09-01', 4, 2, 4, 1, 1, 1, 1, 4, '2019-09-08 14:26:06', NULL),
(32, '2019-09-01', 1, 1, 1, 1, 2, 1, 4, 1, '2019-09-09 06:29:28', NULL),
(33, '2019-09-01', 7, 2, 4, 2, 4, 1, 4, 1, '2019-09-09 07:46:39', NULL),
(34, '2019-09-11', 8, 1, 1, 1, 2, 1, 1, 1, '2019-09-11 06:42:36', NULL),
(35, '2019-09-01', 4, 2, 5, 2, 3, 1, 1, 1, '2019-09-12 10:12:32', NULL),
(36, '2019-09-16', 7, 1, 1, 1, 2, 1, 1, 1, '2019-09-16 07:04:40', NULL),
(37, '2019-10-02', 4, 2, 4, 1, 4, 1, 1, 1, '2019-10-03 05:28:27', NULL),
(38, '2020-02-03', 4, 1, 1, 1, 1, 1, 1, 1, '2020-03-01 06:40:30', NULL),
(39, '2020-03-01', 4, 1, 1, 1, 2, 1, 3, 1, '2020-03-01 07:01:33', NULL),
(40, '2020-03-02', 1, 1, 1, 1, 1, 2, 1, 1, '2020-03-04 09:11:13', NULL);

-- --------------------------------------------------------

--
-- Table structure for table `sglisampletests`
--

CREATE TABLE `sglisampletests` (
  `test_id` int(11) NOT NULL,
  `sample_id` int(11) NOT NULL,
  `pathogen_id` int(11) NOT NULL,
  `antibiotic_id` int(11) NOT NULL,
  `test_sensitivity_id` int(11) NOT NULL,
  `created_by` int(11) NOT NULL,
  `created_at` datetime NOT NULL,
  `updated_at` datetime DEFAULT NULL
) ENGINE=InnoDB DEFAULT CHARSET=utf8 COLLATE=utf8_unicode_ci;

--
-- Dumping data for table `sglisampletests`
--

INSERT INTO `sglisampletests` (`test_id`, `sample_id`, `pathogen_id`, `antibiotic_id`, `test_sensitivity_id`, `created_by`, `created_at`, `updated_at`) VALUES
(1, 1, 1, 3, 3, 1, '2019-08-22 05:47:12', NULL),
(2, 1, 1, 4, 3, 1, '2019-08-22 05:47:12', NULL),
(3, 1, 1, 6, 1, 1, '2019-08-22 05:47:12', NULL),
(4, 1, 1, 9, 3, 1, '2019-08-22 05:47:12', NULL),
(5, 1, 1, 10, 3, 1, '2019-08-22 05:47:12', NULL),
(6, 1, 1, 14, 3, 1, '2019-08-22 05:47:12', NULL),
(7, 1, 1, 16, 3, 1, '2019-08-22 05:47:12', NULL),
(8, 1, 1, 18, 1, 1, '2019-08-22 05:47:12', NULL),
(9, 1, 1, 23, 3, 1, '2019-08-22 05:47:12', NULL),
(10, 1, 1, 24, 3, 1, '2019-08-22 05:47:12', NULL),
(11, 1, 1, 25, 1, 1, '2019-08-22 05:47:12', NULL),
(12, 1, 1, 26, 1, 1, '2019-08-22 05:47:12', NULL),
(13, 1, 1, 27, 3, 1, '2019-08-22 05:47:12', NULL),
(14, 1, 1, 28, 3, 1, '2019-08-22 05:47:12', NULL),
(15, 1, 1, 30, 3, 1, '2019-08-22 05:47:12', NULL),
(16, 2, 1, 3, 3, 1, '2019-08-22 06:04:06', NULL),
(17, 2, 1, 4, 1, 1, '2019-08-22 06:04:06', NULL),
(18, 2, 1, 6, 1, 1, '2019-08-22 06:04:06', NULL),
(19, 2, 1, 9, 3, 1, '2019-08-22 06:04:06', NULL),
(21, 2, 1, 14, 3, 1, '2019-08-22 06:04:06', NULL),
(22, 2, 1, 16, 1, 1, '2019-08-22 06:04:06', NULL),
(23, 2, 1, 18, 1, 1, '2019-08-22 06:04:06', NULL),
(24, 2, 1, 23, 3, 1, '2019-08-22 06:04:06', NULL),
(25, 2, 1, 24, 1, 1, '2019-08-22 06:04:06', NULL),
(26, 2, 1, 25, 2, 1, '2019-08-22 06:04:06', NULL),
(27, 2, 1, 26, 1, 1, '2019-08-22 06:04:06', NULL),
(28, 2, 1, 27, 3, 1, '2019-08-22 06:04:06', NULL),
(29, 2, 1, 28, 3, 1, '2019-08-22 06:04:06', NULL),
(30, 2, 1, 30, 3, 1, '2019-08-22 06:04:06', NULL),
(31, 3, 1, 3, 3, 1, '2019-08-22 06:13:09', NULL),
(32, 3, 1, 4, 3, 1, '2019-08-22 06:13:09', NULL),
(33, 3, 1, 6, 3, 1, '2019-08-22 06:13:09', NULL),
(34, 3, 1, 9, 3, 1, '2019-08-22 06:13:09', NULL),
(35, 3, 1, 10, 3, 1, '2019-08-22 06:13:09', NULL),
(36, 3, 1, 14, 3, 1, '2019-08-22 06:13:09', NULL),
(37, 3, 1, 16, 3, 1, '2019-08-22 06:13:09', NULL),
(38, 3, 1, 18, 3, 1, '2019-08-22 06:13:09', NULL),
(39, 3, 1, 23, 3, 1, '2019-08-22 06:13:09', NULL),
(41, 3, 1, 25, 3, 1, '2019-08-22 06:13:09', NULL),
(42, 3, 1, 26, 3, 1, '2019-08-22 06:13:09', NULL),
(43, 3, 1, 27, 3, 1, '2019-08-22 06:13:09', NULL),
(44, 3, 1, 28, 3, 1, '2019-08-22 06:13:09', NULL),
(45, 3, 1, 30, 3, 1, '2019-08-22 06:13:09', NULL),
(46, 4, 1, 3, 3, 1, '2019-08-22 06:33:59', NULL),
(47, 4, 1, 4, 1, 1, '2019-08-22 06:33:59', NULL),
(48, 4, 1, 6, 3, 1, '2019-08-22 06:33:59', NULL),
(49, 4, 1, 9, 3, 1, '2019-08-22 06:33:59', NULL),
(50, 4, 1, 10, 3, 1, '2019-08-22 06:33:59', NULL),
(51, 4, 1, 14, 3, 1, '2019-08-22 06:33:59', NULL),
(52, 4, 1, 16, 3, 1, '2019-08-22 06:33:59', NULL),
(53, 4, 1, 18, 1, 1, '2019-08-22 06:33:59', NULL),
(54, 4, 1, 23, 3, 1, '2019-08-22 06:33:59', NULL),
(55, 4, 1, 24, 3, 1, '2019-08-22 06:33:59', NULL),
(56, 4, 1, 25, 1, 1, '2019-08-22 06:33:59', NULL),
(57, 4, 1, 26, 3, 1, '2019-08-22 06:33:59', NULL),
(58, 4, 1, 27, 3, 1, '2019-08-22 06:33:59', NULL),
(59, 4, 1, 28, 3, 1, '2019-08-22 06:33:59', NULL),
(60, 4, 1, 30, 3, 1, '2019-08-22 06:33:59', NULL),
(61, 5, 1, 3, 3, 1, '2019-08-22 06:40:15', NULL),
(62, 5, 1, 4, 1, 1, '2019-08-22 06:40:15', NULL),
(63, 5, 1, 6, 1, 1, '2019-08-22 06:40:15', NULL),
(64, 5, 1, 9, 3, 1, '2019-08-22 06:40:15', NULL),
(65, 5, 1, 10, 3, 1, '2019-08-22 06:40:15', NULL),
(66, 5, 1, 14, 3, 1, '2019-08-22 06:40:15', NULL),
(67, 5, 1, 16, 3, 1, '2019-08-22 06:40:15', NULL),
(68, 5, 1, 18, 1, 1, '2019-08-22 06:40:15', NULL),
(69, 5, 1, 23, 3, 1, '2019-08-22 06:40:15', NULL),
(70, 5, 1, 24, 2, 1, '2019-08-22 06:40:15', NULL),
(71, 5, 1, 25, 3, 1, '2019-08-22 06:40:15', NULL),
(72, 5, 1, 26, 3, 1, '2019-08-22 06:40:15', NULL),
(73, 5, 1, 27, 3, 1, '2019-08-22 06:40:15', NULL),
(74, 5, 1, 28, 3, 1, '2019-08-22 06:40:15', NULL),
(75, 5, 1, 30, 3, 1, '2019-08-22 06:40:15', NULL),
(76, 6, 1, 4, 1, 1, '2019-08-22 06:54:58', NULL),
(77, 6, 1, 6, 3, 1, '2019-08-22 06:54:58', NULL),
(78, 6, 1, 9, 1, 1, '2019-08-22 06:54:58', NULL),
(79, 6, 1, 10, 1, 1, '2019-08-22 06:54:58', NULL),
(80, 6, 1, 14, 2, 1, '2019-08-22 06:54:58', NULL),
(81, 6, 1, 16, 3, 1, '2019-08-22 06:54:58', NULL),
(82, 6, 1, 18, 2, 1, '2019-08-22 06:54:58', NULL),
(83, 6, 1, 24, 3, 1, '2019-08-22 06:54:58', NULL),
(84, 6, 1, 25, 3, 1, '2019-08-22 06:54:58', NULL),
(85, 6, 1, 26, 1, 1, '2019-08-22 06:54:58', NULL),
(86, 6, 1, 28, 1, 1, '2019-08-22 06:54:58', NULL),
(87, 6, 1, 30, 3, 1, '2019-08-22 06:54:58', NULL),
(88, 7, 1, 3, 3, 1, '2019-08-22 07:40:24', NULL),
(89, 7, 1, 4, 3, 1, '2019-08-22 07:40:24', NULL),
(90, 7, 1, 6, 1, 1, '2019-08-22 07:40:24', NULL),
(91, 7, 1, 9, 1, 1, '2019-08-22 07:40:24', NULL),
(92, 7, 1, 10, 1, 1, '2019-08-22 07:40:24', NULL),
(93, 7, 1, 14, 2, 1, '2019-08-22 07:40:24', NULL),
(94, 7, 1, 16, 3, 1, '2019-08-22 07:40:24', NULL),
(95, 7, 1, 18, 2, 1, '2019-08-22 07:40:24', NULL),
(96, 7, 1, 23, 3, 1, '2019-08-22 07:40:24', NULL),
(97, 7, 1, 24, 3, 1, '2019-08-22 07:40:24', NULL),
(98, 7, 1, 25, 1, 1, '2019-08-22 07:40:24', NULL),
(99, 7, 1, 26, 1, 1, '2019-08-22 07:40:24', NULL),
(100, 7, 1, 27, 1, 1, '2019-08-22 07:40:24', NULL),
(101, 7, 1, 28, 3, 1, '2019-08-22 07:40:24', NULL),
(102, 7, 1, 30, 3, 1, '2019-08-22 07:40:24', NULL),
(103, 8, 1, 3, 1, 1, '2019-08-22 07:45:05', NULL),
(104, 8, 1, 4, 1, 1, '2019-08-22 07:45:05', NULL),
(105, 8, 1, 6, 1, 1, '2019-08-22 07:45:05', NULL),
(106, 8, 1, 9, 2, 1, '2019-08-22 07:45:05', NULL),
(107, 8, 1, 10, 1, 1, '2019-08-22 07:45:05', NULL),
(108, 8, 1, 14, 2, 1, '2019-08-22 07:45:05', NULL),
(109, 8, 1, 16, 1, 1, '2019-08-22 07:45:05', NULL),
(110, 8, 1, 18, 1, 1, '2019-08-22 07:45:05', NULL),
(111, 8, 1, 23, 3, 1, '2019-08-22 07:45:05', NULL),
(112, 8, 1, 24, 1, 1, '2019-08-22 07:45:05', NULL),
(113, 8, 1, 25, 1, 1, '2019-08-22 07:45:05', NULL),
(114, 8, 1, 26, 3, 1, '2019-08-22 07:45:05', NULL),
(115, 8, 1, 27, 1, 1, '2019-08-22 07:45:05', NULL),
(116, 8, 1, 28, 1, 1, '2019-08-22 07:45:05', NULL),
(117, 8, 1, 30, 1, 1, '2019-08-22 07:45:05', NULL),
(118, 9, 1, 3, 3, 1, '2019-08-22 08:20:47', NULL),
(119, 9, 1, 4, 1, 1, '2019-08-22 08:20:47', NULL),
(120, 9, 1, 6, 3, 1, '2019-08-22 08:20:47', NULL),
(121, 9, 1, 9, 2, 1, '2019-08-22 08:20:47', NULL),
(122, 9, 1, 10, 2, 1, '2019-08-22 08:20:47', NULL),
(123, 9, 1, 14, 3, 1, '2019-08-22 08:20:47', NULL),
(124, 9, 1, 16, 3, 1, '2019-08-22 08:20:47', NULL),
(125, 9, 1, 18, 2, 1, '2019-08-22 08:20:47', NULL),
(126, 9, 1, 23, 3, 1, '2019-08-22 08:20:47', NULL),
(127, 9, 1, 24, 1, 1, '2019-08-22 08:20:47', NULL),
(128, 9, 1, 25, 2, 1, '2019-08-22 08:20:47', NULL),
(129, 9, 1, 26, 1, 1, '2019-08-22 08:20:47', NULL),
(130, 9, 1, 27, 3, 1, '2019-08-22 08:20:47', NULL),
(131, 9, 1, 28, 3, 1, '2019-08-22 08:20:47', NULL),
(132, 9, 1, 30, 3, 1, '2019-08-22 08:20:47', NULL),
(133, 10, 1, 3, 2, 1, '2019-08-22 08:25:07', NULL),
(134, 10, 1, 4, 1, 1, '2019-08-22 08:25:07', NULL),
(135, 10, 1, 6, 3, 1, '2019-08-22 08:25:07', NULL),
(136, 10, 1, 9, 1, 1, '2019-08-22 08:25:07', NULL),
(137, 10, 1, 10, 1, 1, '2019-08-22 08:25:07', NULL),
(138, 10, 1, 14, 2, 1, '2019-08-22 08:25:07', NULL),
(139, 10, 1, 16, 3, 1, '2019-08-22 08:25:07', NULL),
(140, 10, 1, 18, 3, 1, '2019-08-22 08:25:07', NULL),
(141, 10, 1, 23, 3, 1, '2019-08-22 08:25:07', NULL),
(142, 10, 1, 24, 3, 1, '2019-08-22 08:25:07', NULL),
(143, 10, 1, 25, 2, 1, '2019-08-22 08:25:07', NULL),
(144, 10, 1, 26, 1, 1, '2019-08-22 08:25:07', NULL),
(145, 10, 1, 27, 3, 1, '2019-08-22 08:25:07', NULL),
(146, 10, 1, 28, 3, 1, '2019-08-22 08:25:07', NULL),
(147, 10, 1, 30, 3, 1, '2019-08-22 08:25:07', NULL),
(148, 11, 11, 1, 1, 1, '2019-08-26 13:03:21', NULL),
(149, 11, 11, 3, 2, 1, '2019-08-26 13:03:21', NULL),
(150, 11, 11, 5, 1, 1, '2019-08-26 13:03:21', NULL),
(151, 11, 11, 7, 1, 1, '2019-08-26 13:03:21', NULL),
(152, 11, 11, 10, 1, 1, '2019-08-26 13:03:21', NULL),
(153, 11, 11, 14, 1, 1, '2019-08-26 13:03:21', NULL),
(154, 11, 11, 16, 1, 1, '2019-08-26 13:03:21', NULL),
(155, 11, 11, 19, 1, 1, '2019-08-26 13:03:21', NULL),
(156, 11, 11, 22, 1, 1, '2019-08-26 13:03:21', NULL),
(157, 11, 11, 25, 1, 1, '2019-08-26 13:03:21', NULL),
(158, 11, 11, 29, 1, 1, '2019-08-26 13:03:21', NULL),
(159, 11, 11, 30, 1, 1, '2019-08-26 13:03:21', NULL),
(165, 13, 11, 1, 3, 1, '2019-08-29 06:21:38', NULL),
(166, 13, 11, 3, 3, 1, '2019-08-29 06:21:38', NULL),
(167, 13, 11, 5, 1, 1, '2019-08-29 06:21:38', NULL),
(168, 13, 11, 7, 1, 1, '2019-08-29 06:21:38', NULL),
(169, 13, 11, 9, 1, 1, '2019-08-29 06:21:38', NULL),
(170, 13, 11, 11, 1, 1, '2019-08-29 06:21:38', NULL),
(171, 13, 11, 22, 3, 1, '2019-08-29 06:21:38', NULL),
(172, 13, 11, 25, 3, 1, '2019-08-29 06:21:38', NULL),
(173, 13, 11, 27, 1, 1, '2019-08-29 06:21:38', NULL),
(174, 13, 11, 28, 1, 1, '2019-08-29 06:21:38', NULL),
(175, 13, 11, 29, 1, 1, '2019-08-29 06:21:38', NULL),
(176, 13, 11, 30, 1, 1, '2019-08-29 06:21:38', NULL),
(177, 13, 11, 31, 1, 1, '2019-08-29 06:21:38', NULL),
(178, 13, 11, 32, 1, 1, '2019-08-29 06:21:38', NULL),
(179, 13, 11, 33, 3, 1, '2019-08-29 06:21:38', NULL),
(196, 15, 1, 1, 1, 1, '2019-08-29 06:25:10', NULL),
(197, 15, 1, 2, 1, 1, '2019-08-29 06:25:10', NULL),
(198, 15, 1, 3, 1, 1, '2019-08-29 06:25:10', NULL),
(199, 15, 1, 4, 1, 1, '2019-08-29 06:25:10', NULL),
(200, 15, 1, 5, 1, 1, '2019-08-29 06:25:10', NULL),
(201, 15, 1, 6, 1, 1, '2019-08-29 06:25:10', NULL),
(202, 15, 1, 7, 1, 1, '2019-08-29 06:25:10', NULL),
(203, 15, 1, 8, 1, 1, '2019-08-29 06:25:10', NULL),
(204, 15, 1, 9, 1, 1, '2019-08-29 06:25:10', NULL),
(205, 15, 1, 23, 1, 1, '2019-08-29 06:25:10', NULL),
(206, 15, 1, 24, 1, 1, '2019-08-29 06:25:10', NULL),
(207, 15, 1, 25, 1, 1, '2019-08-29 06:25:10', NULL),
(208, 15, 1, 26, 1, 1, '2019-08-29 06:25:10', NULL),
(209, 15, 1, 27, 1, 1, '2019-08-29 06:25:10', NULL),
(210, 15, 1, 1, 1, 1, '2019-08-29 06:25:37', NULL),
(211, 15, 1, 2, 1, 1, '2019-08-29 06:25:37', NULL),
(212, 15, 1, 3, 1, 1, '2019-08-29 06:25:37', NULL),
(213, 15, 1, 4, 1, 1, '2019-08-29 06:25:37', NULL),
(214, 15, 1, 5, 1, 1, '2019-08-29 06:25:37', NULL),
(215, 15, 1, 6, 1, 1, '2019-08-29 06:25:37', NULL),
(216, 15, 1, 7, 1, 1, '2019-08-29 06:25:37', NULL),
(217, 15, 1, 8, 1, 1, '2019-08-29 06:25:37', NULL),
(218, 15, 1, 9, 1, 1, '2019-08-29 06:25:37', NULL),
(219, 15, 1, 23, 1, 1, '2019-08-29 06:25:37', NULL),
(220, 15, 1, 24, 1, 1, '2019-08-29 06:25:37', NULL),
(221, 15, 1, 25, 1, 1, '2019-08-29 06:25:37', NULL),
(222, 15, 1, 26, 1, 1, '2019-08-29 06:25:37', NULL),
(223, 15, 1, 27, 1, 1, '2019-08-29 06:25:37', NULL),
(224, 15, 1, 28, 1, 1, '2019-08-29 06:25:37', NULL),
(225, 16, 1, 1, 1, 1, '2019-08-29 06:26:37', NULL),
(226, 16, 1, 2, 3, 1, '2019-08-29 06:26:37', NULL),
(227, 16, 1, 3, 1, 1, '2019-08-29 06:26:37', NULL),
(228, 16, 1, 4, 3, 1, '2019-08-29 06:26:37', NULL),
(229, 16, 1, 5, 1, 1, '2019-08-29 06:26:37', NULL),
(230, 16, 1, 6, 3, 1, '2019-08-29 06:26:37', NULL),
(231, 16, 1, 7, 1, 1, '2019-08-29 06:26:37', NULL),
(232, 16, 1, 23, 1, 1, '2019-08-29 06:26:37', NULL),
(233, 16, 1, 24, 3, 1, '2019-08-29 06:26:37', NULL),
(234, 16, 1, 25, 1, 1, '2019-08-29 06:26:37', NULL),
(235, 16, 1, 26, 3, 1, '2019-08-29 06:26:37', NULL),
(236, 16, 1, 27, 1, 1, '2019-08-29 06:26:37', NULL),
(237, 16, 1, 1, 1, 1, '2019-08-29 06:26:58', NULL),
(238, 16, 1, 2, 3, 1, '2019-08-29 06:26:58', NULL),
(239, 16, 1, 3, 1, 1, '2019-08-29 06:26:58', NULL),
(240, 16, 1, 4, 3, 1, '2019-08-29 06:26:58', NULL),
(241, 16, 1, 5, 1, 1, '2019-08-29 06:26:58', NULL),
(242, 16, 1, 6, 3, 1, '2019-08-29 06:26:58', NULL),
(243, 16, 1, 7, 1, 1, '2019-08-29 06:26:58', NULL),
(244, 16, 1, 23, 1, 1, '2019-08-29 06:26:58', NULL),
(245, 16, 1, 24, 3, 1, '2019-08-29 06:26:58', NULL),
(246, 16, 1, 25, 1, 1, '2019-08-29 06:26:58', NULL),
(247, 16, 1, 26, 3, 1, '2019-08-29 06:26:58', NULL),
(248, 16, 1, 27, 1, 1, '2019-08-29 06:26:58', NULL),
(249, 16, 1, 28, 1, 1, '2019-08-29 06:26:58', NULL),
(250, 17, 1, 1, 1, 1, '2019-08-29 07:06:07', NULL),
(251, 17, 1, 2, 3, 1, '2019-08-29 07:06:07', NULL),
(252, 17, 1, 3, 1, 1, '2019-08-29 07:06:07', NULL),
(253, 17, 1, 5, 3, 1, '2019-08-29 07:06:07', NULL),
(254, 17, 1, 9, 3, 1, '2019-08-29 07:06:07', NULL),
(255, 17, 1, 10, 3, 1, '2019-08-29 07:06:07', NULL),
(256, 17, 1, 12, 1, 1, '2019-08-29 07:06:07', NULL),
(257, 17, 1, 14, 1, 1, '2019-08-29 07:06:07', NULL),
(258, 17, 1, 16, 3, 1, '2019-08-29 07:06:07', NULL),
(259, 17, 1, 17, 1, 1, '2019-08-29 07:06:07', NULL),
(260, 17, 1, 18, 1, 1, '2019-08-29 07:06:07', NULL),
(261, 17, 1, 19, 1, 1, '2019-08-29 07:06:07', NULL),
(262, 17, 1, 20, 1, 1, '2019-08-29 07:06:07', NULL),
(263, 17, 1, 22, 3, 1, '2019-08-29 07:06:07', NULL),
(264, 17, 1, 23, 1, 1, '2019-08-29 07:06:07', NULL),
(265, 17, 1, 24, 1, 1, '2019-08-29 07:06:07', NULL),
(266, 17, 1, 25, 1, 1, '2019-08-29 07:06:07', NULL),
(267, 17, 1, 1, 1, 1, '2019-08-29 07:08:21', NULL),
(268, 17, 1, 2, 3, 1, '2019-08-29 07:08:21', NULL),
(269, 17, 1, 3, 1, 1, '2019-08-29 07:08:21', NULL),
(270, 17, 1, 5, 3, 1, '2019-08-29 07:08:21', NULL),
(271, 17, 1, 9, 3, 1, '2019-08-29 07:08:21', NULL),
(272, 17, 1, 10, 3, 1, '2019-08-29 07:08:21', NULL),
(273, 17, 1, 12, 1, 1, '2019-08-29 07:08:21', NULL),
(274, 17, 1, 14, 1, 1, '2019-08-29 07:08:21', NULL),
(275, 17, 1, 16, 3, 1, '2019-08-29 07:08:21', NULL),
(276, 17, 1, 17, 1, 1, '2019-08-29 07:08:21', NULL),
(277, 17, 1, 18, 1, 1, '2019-08-29 07:08:21', NULL),
(278, 17, 1, 19, 1, 1, '2019-08-29 07:08:21', NULL),
(279, 17, 1, 20, 1, 1, '2019-08-29 07:08:21', NULL),
(280, 17, 1, 22, 3, 1, '2019-08-29 07:08:21', NULL),
(281, 17, 1, 23, 1, 1, '2019-08-29 07:08:21', NULL),
(282, 17, 1, 24, 1, 1, '2019-08-29 07:08:21', NULL),
(283, 17, 1, 25, 1, 1, '2019-08-29 07:08:21', NULL),
(284, 18, 5, 1, 1, 1, '2019-08-29 07:24:25', NULL),
(285, 18, 5, 2, 1, 1, '2019-08-29 07:24:25', NULL),
(286, 18, 5, 4, 1, 1, '2019-08-29 07:24:25', NULL),
(287, 18, 5, 5, 1, 1, '2019-08-29 07:24:25', NULL),
(288, 18, 5, 7, 1, 1, '2019-08-29 07:24:25', NULL),
(289, 18, 5, 8, 3, 1, '2019-08-29 07:24:25', NULL),
(290, 18, 5, 10, 1, 1, '2019-08-29 07:24:25', NULL),
(291, 18, 5, 11, 1, 1, '2019-08-29 07:24:25', NULL),
(292, 18, 5, 14, 1, 1, '2019-08-29 07:24:25', NULL),
(293, 18, 5, 15, 1, 1, '2019-08-29 07:24:25', NULL),
(294, 18, 5, 17, 1, 1, '2019-08-29 07:24:25', NULL),
(295, 18, 5, 18, 3, 1, '2019-08-29 07:24:25', NULL),
(296, 18, 5, 21, 1, 1, '2019-08-29 07:24:25', NULL),
(297, 18, 5, 22, 1, 1, '2019-08-29 07:24:25', NULL),
(298, 18, 5, 24, 3, 1, '2019-08-29 07:24:25', NULL),
(299, 18, 5, 25, 1, 1, '2019-08-29 07:24:25', NULL),
(300, 18, 5, 26, 1, 1, '2019-08-29 07:24:25', NULL),
(301, 18, 5, 27, 1, 1, '2019-08-29 07:24:25', NULL),
(302, 18, 5, 28, 3, 1, '2019-08-29 07:24:25', NULL),
(303, 18, 5, 29, 1, 1, '2019-08-29 07:24:25', NULL),
(304, 18, 5, 47, 1, 1, '2019-08-29 07:24:25', NULL),
(305, 18, 5, 48, 3, 1, '2019-08-29 07:24:25', NULL),
(306, 18, 5, 49, 1, 1, '2019-08-29 07:24:25', NULL),
(307, 18, 5, 50, 3, 1, '2019-08-29 07:24:25', NULL),
(308, 18, 5, 51, 1, 1, '2019-08-29 07:24:25', NULL),
(309, 18, 5, 52, 1, 1, '2019-08-29 07:24:25', NULL),
(310, 18, 5, 53, 1, 1, '2019-08-29 07:24:25', NULL),
(311, 19, 5, 1, 3, 4, '2019-09-03 03:15:21', NULL),
(312, 19, 5, 3, 3, 4, '2019-09-03 03:15:21', NULL),
(313, 19, 5, 6, 3, 4, '2019-09-03 03:15:21', NULL),
(314, 19, 5, 14, 3, 4, '2019-09-03 03:15:21', NULL),
(315, 19, 5, 33, 3, 4, '2019-09-03 03:15:21', NULL),
(316, 20, 3, 1, 3, 4, '2019-09-03 03:47:50', NULL),
(317, 20, 3, 3, 3, 4, '2019-09-03 03:47:50', NULL),
(318, 20, 3, 5, 3, 4, '2019-09-03 03:47:50', NULL),
(319, 20, 3, 6, 3, 4, '2019-09-03 03:47:50', NULL),
(320, 20, 3, 7, 3, 4, '2019-09-03 03:47:50', NULL),
(321, 20, 3, 9, 3, 4, '2019-09-03 03:47:50', NULL),
(322, 21, 3, 1, 1, 4, '2019-09-03 03:50:35', NULL),
(323, 21, 3, 6, 1, 4, '2019-09-03 03:50:35', NULL),
(324, 21, 3, 9, 1, 4, '2019-09-03 03:50:35', NULL),
(341, 26, 7, 1, 1, 4, '2019-09-05 10:19:57', NULL),
(342, 26, 7, 3, 3, 4, '2019-09-05 10:19:57', NULL),
(343, 26, 7, 5, 1, 4, '2019-09-05 10:19:57', NULL),
(344, 26, 7, 6, 1, 4, '2019-09-05 10:19:57', NULL),
(345, 26, 7, 7, 3, 4, '2019-09-05 10:19:57', NULL),
(346, 26, 7, 14, 3, 4, '2019-09-05 10:19:57', NULL),
(347, 26, 7, 16, 1, 4, '2019-09-05 10:19:57', NULL),
(348, 26, 7, 18, 3, 4, '2019-09-05 10:19:57', NULL),
(349, 26, 7, 20, 1, 4, '2019-09-05 10:19:57', NULL),
(350, 26, 7, 22, 3, 4, '2019-09-05 10:19:57', NULL),
(351, 26, 7, 23, 1, 4, '2019-09-05 10:19:57', NULL),
(352, 26, 7, 25, 3, 4, '2019-09-05 10:19:57', NULL),
(353, 26, 7, 30, 1, 4, '2019-09-05 10:19:57', NULL),
(354, 26, 7, 32, 3, 4, '2019-09-05 10:19:57', NULL),
(355, 26, 7, 34, 1, 4, '2019-09-05 10:19:57', NULL),
(356, 26, 7, 36, 3, 4, '2019-09-05 10:19:57', NULL),
(357, 26, 7, 38, 1, 4, '2019-09-05 10:19:57', NULL),
(358, 26, 7, 41, 1, 4, '2019-09-05 10:19:57', NULL),
(359, 26, 7, 45, 1, 4, '2019-09-05 10:19:57', NULL),
(360, 26, 7, 47, 1, 4, '2019-09-05 10:19:57', NULL),
(361, 26, 7, 52, 1, 4, '2019-09-05 10:19:57', NULL),
(362, 26, 7, 54, 1, 4, '2019-09-05 10:19:57', NULL),
(363, 28, 3, 1, 1, 4, '2019-09-08 12:33:03', NULL),
(364, 28, 3, 4, 3, 4, '2019-09-08 12:33:03', NULL),
(365, 28, 3, 6, 1, 4, '2019-09-08 12:33:03', NULL),
(366, 28, 3, 8, 1, 4, '2019-09-08 12:33:03', NULL),
(367, 29, 11, 3, 1, 4, '2019-09-08 12:39:49', NULL),
(368, 29, 11, 6, 3, 4, '2019-09-08 12:39:49', NULL),
(369, 29, 11, 8, 1, 4, '2019-09-08 12:39:49', NULL),
(370, 29, 11, 10, 3, 4, '2019-09-08 12:39:49', NULL),
(371, 30, 7, 1, 1, 4, '2019-09-08 12:43:35', NULL),
(372, 30, 7, 4, 3, 4, '2019-09-08 12:43:35', NULL),
(373, 30, 7, 6, 1, 4, '2019-09-08 12:43:35', NULL),
(374, 30, 7, 8, 1, 4, '2019-09-08 12:43:35', NULL),
(375, 30, 7, 12, 3, 4, '2019-09-08 12:43:35', NULL),
(376, 30, 7, 15, 1, 4, '2019-09-08 12:43:35', NULL),
(377, 31, 1, 1, 1, 4, '2019-09-08 14:26:16', NULL),
(378, 32, 4, 1, 1, 1, '2019-09-09 06:30:20', NULL),
(379, 32, 4, 2, 3, 1, '2019-09-09 06:30:20', NULL),
(380, 32, 4, 3, 1, 1, '2019-09-09 06:30:20', NULL),
(381, 32, 4, 4, 3, 1, '2019-09-09 06:30:20', NULL),
(382, 32, 4, 5, 1, 1, '2019-09-09 06:30:20', NULL),
(383, 32, 4, 6, 3, 1, '2019-09-09 06:30:20', NULL),
(384, 32, 4, 7, 1, 1, '2019-09-09 06:30:20', NULL),
(385, 32, 4, 8, 3, 1, '2019-09-09 06:30:20', NULL),
(386, 32, 4, 9, 1, 1, '2019-09-09 06:30:20', NULL),
(387, 32, 4, 10, 1, 1, '2019-09-09 06:30:20', NULL),
(388, 32, 4, 11, 3, 1, '2019-09-09 06:30:20', NULL),
(389, 32, 4, 54, 1, 1, '2019-09-09 06:30:20', NULL),
(390, 32, 4, 55, 3, 1, '2019-09-09 06:30:20', NULL),
(391, 32, 4, 56, 1, 1, '2019-09-09 06:30:20', NULL),
(392, 32, 4, 57, 2, 1, '2019-09-09 06:30:20', NULL),
(393, 33, 4, 1, 1, 1, '2019-09-09 07:46:56', NULL),
(394, 33, 4, 2, 3, 1, '2019-09-09 07:46:56', NULL),
(395, 34, 1, 1, 1, 1, '2019-09-11 06:43:37', NULL),
(396, 34, 1, 4, 3, 1, '2019-09-11 06:43:37', NULL),
(397, 34, 1, 6, 2, 1, '2019-09-11 06:43:37', NULL),
(398, 35, 1, 1, 1, 1, '2019-09-12 10:13:29', NULL),
(399, 35, 1, 3, 3, 1, '2019-09-12 10:13:29', NULL),
(400, 35, 1, 5, 1, 1, '2019-09-12 10:13:29', NULL),
(401, 35, 1, 7, 1, 1, '2019-09-12 10:13:29', NULL),
(402, 35, 1, 9, 3, 1, '2019-09-12 10:13:29', NULL),
(403, 36, 1, 1, 1, 1, '2019-09-16 07:05:03', NULL),
(404, 36, 1, 4, 3, 1, '2019-09-16 07:05:03', NULL),
(405, 36, 1, 6, 1, 1, '2019-09-16 07:05:03', NULL),
(406, 37, 1, 3, 2, 1, '2019-10-03 05:28:41', NULL),
(407, 37, 1, 4, 1, 1, '2019-10-03 05:28:41', NULL),
(408, 37, 1, 6, 1, 1, '2019-10-03 05:28:41', NULL),
(409, 38, 1, 45, 1, 1, '2020-03-01 06:51:17', NULL),
(410, 38, 1, 47, 3, 1, '2020-03-01 06:51:17', NULL),
(411, 38, 1, 49, 1, 1, '2020-03-01 06:51:17', NULL),
(412, 39, 3, 8, 1, 1, '2020-03-01 07:01:59', NULL),
(413, 39, 3, 9, 2, 1, '2020-03-01 07:01:59', NULL),
(414, 39, 3, 22, 2, 1, '2020-03-01 07:01:59', NULL),
(415, 40, 1, 1, 1, 1, '2020-03-04 09:12:59', NULL),
(416, 40, 1, 3, 2, 1, '2020-03-04 09:12:59', NULL),
(417, 40, 1, 6, 1, 1, '2020-03-04 09:12:59', NULL);

-- --------------------------------------------------------

--
-- Table structure for table `sglizdissamples`
--

CREATE TABLE `sglizdissamples` (
  `sample_id` bigint(11) NOT NULL,
  `test_date` date NOT NULL,
  `institution_id` int(11) NOT NULL,
  `species_id` int(11) NOT NULL,
  `breed_id` int(11) NOT NULL,
  `specimen_id` int(11) NOT NULL,
  `specimen_location_id` int(11) NOT NULL,
  `test_method_id` int(11) NOT NULL,
  `pathogen_id` int(11) NOT NULL,
  `created_by` int(11) NOT NULL,
  `created_at` datetime NOT NULL,
  `updated_at` datetime DEFAULT NULL
) ENGINE=InnoDB DEFAULT CHARSET=utf8 COLLATE=utf8_unicode_ci;

--
-- Dumping data for table `sglizdissamples`
--

INSERT INTO `sglizdissamples` (`sample_id`, `test_date`, `institution_id`, `species_id`, `breed_id`, `specimen_id`, `specimen_location_id`, `test_method_id`, `pathogen_id`, `created_by`, `created_at`, `updated_at`) VALUES
(1, '2019-04-30', 7, 2, 4, 2, 3, 1, 1, 4, '2019-09-01 19:20:26', NULL),
(3, '2019-02-01', 3, 2, 4, 2, 3, 2, 2, 4, '2019-09-02 06:50:31', NULL),
(4, '2019-07-24', 5, 2, 6, 2, 6, 1, 2, 4, '2019-09-02 07:37:27', NULL),
(5, '2019-09-03', 3, 2, 5, 2, 3, 2, 2, 4, '2019-09-02 07:40:21', NULL),
(6, '2019-09-10', 7, 2, 4, 2, 3, 1, 1, 4, '2019-09-02 08:47:47', NULL),
(7, '2019-09-02', 7, 2, 4, 1, 3, 2, 1, 4, '2019-09-03 02:52:18', NULL),
(8, '2019-06-01', 7, 2, 4, 2, 4, 2, 3, 4, '2019-09-03 04:22:33', NULL),
(9, '2019-02-01', 7, 2, 5, 2, 5, 2, 3, 4, '2019-09-03 04:24:50', NULL),
(10, '2019-09-01', 7, 2, 4, 1, 3, 2, 1, 4, '2019-09-03 04:33:39', NULL),
(11, '2019-09-02', 7, 2, 13, 1, 3, 2, 2, 4, '2019-09-03 04:37:04', NULL),
(13, '2019-09-03', 7, 2, 4, 1, 3, 2, 1, 4, '2019-09-05 10:48:04', NULL),
(14, '2019-09-03', 8, 1, 1, 4, 2, 2, 8, 1, '2019-09-09 06:33:11', NULL),
(15, '2019-09-03', 7, 2, 4, 2, 3, 2, 4, 1, '2019-09-09 07:47:29', NULL),
(16, '2019-09-01', 7, 2, 13, 2, 4, 1, 8, 1, '2019-09-12 10:14:51', NULL),
(17, '2020-03-04', 4, 2, 4, 2, 7, 2, 1, 1, '2020-03-01 06:52:46', NULL),
(18, '2020-03-01', 4, 2, 5, 5, 1, 2, 3, 1, '2020-03-01 07:02:48', NULL),
(19, '2020-03-01', 4, 4, 10, 1, 1, 2, 11, 1, '2020-03-01 08:15:10', NULL),
(20, '2020-03-04', 3, 2, 13, 2, 3, 2, 5, 1, '2020-03-04 09:37:43', NULL),
(21, '2020-03-04', 7, 2, 4, 1, 3, 2, 1, 1, '2020-03-04 09:39:22', NULL),
(22, '2020-03-04', 7, 4, 10, 1, 3, 2, 1, 1, '2020-03-04 09:40:40', NULL);

-- --------------------------------------------------------

--
-- Table structure for table `sglizdissampletests`
--

CREATE TABLE `sglizdissampletests` (
  `test_id` int(11) NOT NULL,
  `sample_id` int(11) NOT NULL,
  `pathogen_id` int(11) NOT NULL,
  `antibiotic_id` int(11) NOT NULL,
  `zdis_mm` int(11) NOT NULL,
  `test_sensitivity_id` int(11) NOT NULL,
  `created_by` int(11) NOT NULL,
  `created_at` datetime NOT NULL,
  `updated_at` datetime DEFAULT NULL
) ENGINE=InnoDB DEFAULT CHARSET=utf8 COLLATE=utf8_unicode_ci;

--
-- Dumping data for table `sglizdissampletests`
--

INSERT INTO `sglizdissampletests` (`test_id`, `sample_id`, `pathogen_id`, `antibiotic_id`, `zdis_mm`, `test_sensitivity_id`, `created_by`, `created_at`, `updated_at`) VALUES
(1, 1, 1, 30, 6, 3, 4, '2019-09-01 19:37:07', NULL),
(2, 1, 1, 6, 17, 1, 4, '2019-09-01 19:37:07', NULL),
(3, 1, 1, 9, 13, 3, 4, '2019-09-01 19:37:07', NULL),
(4, 1, 1, 25, 26, 1, 4, '2019-09-01 19:37:07', NULL),
(5, 1, 1, 10, 12, 3, 4, '2019-09-01 19:37:07', NULL),
(6, 1, 1, 24, 6, 3, 4, '2019-09-01 19:37:07', NULL),
(7, 3, 2, 1, 20, 1, 4, '2019-09-02 06:51:21', NULL),
(8, 4, 2, 1, 12, 3, 4, '2019-09-02 07:38:00', NULL),
(9, 4, 2, 2, 16, 3, 4, '2019-09-02 07:38:00', NULL),
(10, 5, 2, 1, 17, 2, 4, '2019-09-02 07:40:45', NULL),
(11, 5, 2, 2, 23, 1, 4, '2019-09-02 07:40:45', NULL),
(12, 7, 1, 5, 22, 1, 4, '2019-09-03 02:59:45', NULL),
(13, 7, 1, 6, 28, 1, 4, '2019-09-03 02:59:45', NULL),
(15, 8, 3, 1, 18, 3, 4, '2019-09-03 04:23:27', NULL),
(16, 8, 3, 2, 10, 3, 4, '2019-09-03 04:23:27', NULL),
(17, 9, 3, 1, 28, 1, 4, '2019-09-03 04:25:30', NULL),
(18, 9, 3, 2, 17, 1, 4, '2019-09-03 04:25:30', NULL),
(19, 10, 1, 5, 13, 3, 4, '2019-09-03 04:34:56', NULL),
(20, 10, 1, 6, 12, 3, 4, '2019-09-03 04:34:56', NULL),
(21, 10, 1, 14, 10, 3, 4, '2019-09-03 04:34:56', NULL),
(22, 10, 1, 18, 18, 1, 4, '2019-09-03 04:34:56', NULL),
(23, 11, 2, 1, 13, 3, 4, '2019-09-03 04:37:52', NULL),
(24, 11, 2, 2, 17, 3, 4, '2019-09-03 04:37:52', NULL),
(25, 14, 8, 1, 18, 1, 1, '2019-09-09 06:33:26', NULL),
(26, 15, 4, 1, 34, 1, 1, '2019-09-09 07:48:13', NULL),
(27, 15, 4, 2, 33, 1, 1, '2019-09-09 07:48:13', NULL),
(28, 16, 8, 1, 12, 2, 1, '2019-09-12 10:15:49', NULL);

-- --------------------------------------------------------

--
-- Table structure for table `species`
--

CREATE TABLE `species` (
  `species_id` int(11) NOT NULL,
  `species_name` varchar(255) COLLATE utf8_unicode_ci NOT NULL,
  `created_by` int(11) NOT NULL,
  `created_at` datetime NOT NULL,
  `updated_at` datetime DEFAULT NULL
) ENGINE=InnoDB DEFAULT CHARSET=utf8 COLLATE=utf8_unicode_ci;

--
-- Dumping data for table `species`
--

INSERT INTO `species` (`species_id`, `species_name`, `created_by`, `created_at`, `updated_at`) VALUES
(1, 'Human', 1, '2019-07-24 20:12:10', NULL),
(2, 'Chicken', 1, '2019-07-24 20:12:19', NULL),
(3, 'Dog', 1, '2019-07-24 20:12:29', NULL),
(4, 'Cattle', 1, '2019-07-24 20:12:45', NULL),
(5, 'Goat', 1, '2019-07-28 06:14:23', NULL);

-- --------------------------------------------------------

--
-- Table structure for table `specimencollectionlocations`
--

CREATE TABLE `specimencollectionlocations` (
  `specimen_location_id` int(11) NOT NULL,
  `specimen_location_name` varchar(255) COLLATE utf8_unicode_ci NOT NULL,
  `created_by` int(11) NOT NULL,
  `created_at` datetime NOT NULL,
  `updated_at` datetime DEFAULT NULL
) ENGINE=InnoDB DEFAULT CHARSET=utf8 COLLATE=utf8_unicode_ci;

--
-- Dumping data for table `specimencollectionlocations`
--

INSERT INTO `specimencollectionlocations` (`specimen_location_id`, `specimen_location_name`, `created_by`, `created_at`, `updated_at`) VALUES
(1, 'Hospital - Inpatient', 1, '2019-07-24 20:15:46', NULL),
(2, 'Hospital - Outpatient', 1, '2019-07-24 20:16:04', NULL),
(3, 'Live Bird Market (LVM)', 1, '2019-07-24 20:16:21', NULL),
(4, 'Poultry Farm', 1, '2019-07-24 20:17:32', NULL),
(5, 'Live Bird Carrying Transport', 1, '2019-07-24 20:17:58', NULL),
(6, 'Other', 1, '2019-07-24 20:18:09', NULL),
(7, 'Animal Slaughter House', 4, '2019-09-04 20:06:16', NULL);

-- --------------------------------------------------------

--
-- Table structure for table `specimens`
--

CREATE TABLE `specimens` (
  `specimen_id` int(11) NOT NULL,
  `specimen_name` varchar(255) COLLATE utf8_unicode_ci NOT NULL,
  `created_by` int(11) NOT NULL,
  `created_at` datetime NOT NULL,
  `updated_at` datetime DEFAULT NULL
) ENGINE=InnoDB DEFAULT CHARSET=utf8 COLLATE=utf8_unicode_ci;

--
-- Dumping data for table `specimens`
--

INSERT INTO `specimens` (`specimen_id`, `specimen_name`, `created_by`, `created_at`, `updated_at`) VALUES
(1, 'Blood', 1, '2019-06-26 13:04:51', NULL),
(2, 'Ceacum', 1, '2019-06-26 13:05:16', NULL),
(3, 'Wound', 1, '2019-06-26 13:30:40', NULL),
(4, 'Urine', 1, '2019-07-14 19:54:25', NULL),
(5, 'Sputum', 1, '2019-07-24 20:19:24', NULL);

-- --------------------------------------------------------

--
-- Table structure for table `summarizeinumsamples`
--

CREATE TABLE `summarizeinumsamples` (
  `sample_id` bigint(11) NOT NULL,
  `test_date_from` date NOT NULL,
  `test_date_to` date NOT NULL,
  `institution_id` int(11) NOT NULL,
  `species_id` int(11) NOT NULL,
  `specimen_id` int(11) NOT NULL,
  `pathogen_id` int(11) NOT NULL,
  `no_of_isolate_tested` int(11) DEFAULT NULL,
  `sensitivity_pattern` varchar(255) COLLATE utf8_unicode_ci DEFAULT NULL,
  `created_by` int(11) NOT NULL,
  `created_at` datetime NOT NULL,
  `updated_at` datetime DEFAULT NULL
) ENGINE=InnoDB DEFAULT CHARSET=utf8 COLLATE=utf8_unicode_ci;

--
-- Dumping data for table `summarizeinumsamples`
--

INSERT INTO `summarizeinumsamples` (`sample_id`, `test_date_from`, `test_date_to`, `institution_id`, `species_id`, `specimen_id`, `pathogen_id`, `no_of_isolate_tested`, `sensitivity_pattern`, `created_by`, `created_at`, `updated_at`) VALUES
(1, '2018-10-01', '2019-03-31', 1, 1, 1, 4, 210, 'Resistance', 1, '2019-08-27 17:38:37', NULL),
(3, '2018-10-01', '2019-03-31', 1, 1, 4, 1, 1033, 'Resistance', 1, '2019-08-27 19:22:48', NULL),
(4, '2018-10-01', '2018-03-31', 1, 1, 3, 7, 104, 'Resistance', 1, '2019-08-27 19:43:30', NULL),
(5, '2019-08-01', '2019-08-16', 1, 1, 2, 7, 121, 'Resistance', 1, '2019-08-28 15:37:27', NULL),
(6, '2019-08-01', '2019-08-08', 4, 1, 1, 3, 210, 'Resistance', 1, '2019-08-28 16:11:25', NULL),
(7, '2019-08-01', '2019-08-08', 4, 1, 1, 3, 210, 'Resistance', 1, '2019-08-28 16:11:59', NULL),
(8, '2019-08-01', '2019-08-08', 4, 1, 1, 3, 210, 'Resistance', 1, '2019-08-28 16:15:17', NULL),
(9, '2019-09-01', '2019-09-03', 2, 2, 2, 10, 56, 'Resistance', 4, '2019-09-03 09:04:33', NULL),
(10, '2019-09-01', '2019-09-03', 2, 2, 2, 10, 56, 'Resistance', 4, '2019-09-03 09:05:55', NULL),
(11, '2019-09-01', '2019-09-03', 2, 2, 2, 10, 56, 'sensitive', 4, '2019-09-03 09:10:55', NULL),
(12, '2019-09-02', '2019-09-08', 1, 1, 1, 1, 202, 'Resistance', 4, '2019-09-08 14:59:36', NULL),
(13, '2019-09-03', '2019-09-04', 1, 1, 1, 8, 160, 'Resistance', 1, '2019-09-12 05:50:53', NULL),
(14, '2019-09-01', '2019-09-12', 8, 2, 1, 3, 120, 'Resistance', 1, '2019-09-12 06:12:52', NULL),
(15, '2019-09-04', '2019-09-12', 2, 1, 1, 1, 22, 'Resistance', 1, '2019-09-12 06:32:41', NULL),
(16, '2019-09-05', '2019-09-06', 1, 1, 1, 5, 200, 'Resistance', 1, '2019-09-12 06:46:40', NULL),
(17, '2019-09-05', '2019-09-06', 1, 1, 1, 5, 200, 'Resistance', 1, '2019-09-12 06:47:53', NULL),
(18, '2019-09-05', '2019-09-06', 1, 1, 1, 5, 200, 'Resistance', 1, '2019-09-12 06:48:56', NULL),
(19, '2019-09-05', '2019-09-06', 1, 1, 1, 5, 200, 'Resistance', 1, '2019-09-12 06:49:41', NULL),
(20, '2019-09-01', '2019-09-12', 7, 1, 1, 3, 70, 'Resistance', 1, '2019-09-12 07:00:56', NULL),
(21, '2019-09-01', '2019-09-07', 1, 1, 1, 1, NULL, NULL, 1, '2019-09-12 07:56:58', NULL);

-- --------------------------------------------------------

--
-- Table structure for table `summarizeinumsampletests`
--

CREATE TABLE `summarizeinumsampletests` (
  `test_id` int(11) NOT NULL,
  `sample_id` int(11) NOT NULL,
  `pathogen_id` int(11) NOT NULL,
  `antibiotic_id` int(11) NOT NULL,
  `total_num_of_samples` int(11) NOT NULL,
  `test_result_num_resistance` int(11) NOT NULL,
  `test_result_num_intermediate` int(11) NOT NULL,
  `test_result_num_sensitive` int(11) NOT NULL,
  `created_by` int(11) NOT NULL,
  `created_at` datetime NOT NULL,
  `updated_at` datetime DEFAULT NULL
) ENGINE=InnoDB DEFAULT CHARSET=utf8 COLLATE=utf8_unicode_ci;

--
-- Dumping data for table `summarizeinumsampletests`
--

INSERT INTO `summarizeinumsampletests` (`test_id`, `sample_id`, `pathogen_id`, `antibiotic_id`, `total_num_of_samples`, `test_result_num_resistance`, `test_result_num_intermediate`, `test_result_num_sensitive`, `created_by`, `created_at`, `updated_at`) VALUES
(1, 1, 4, 1, 0, 210, 0, 0, 1, '2019-08-27 18:55:12', NULL),
(2, 1, 4, 30, 0, 86, 0, 0, 1, '2019-08-27 18:55:12', NULL),
(3, 1, 4, 5, 0, 27, 0, 0, 1, '2019-08-27 18:55:12', NULL),
(4, 1, 4, 6, 0, 14, 0, 0, 1, '2019-08-27 18:55:12', NULL),
(5, 1, 4, 31, 0, 8, 0, 0, 1, '2019-08-27 18:55:12', NULL),
(6, 1, 4, 7, 0, 0, 0, 0, 1, '2019-08-27 18:55:12', NULL),
(7, 1, 4, 8, 0, 8, 0, 0, 1, '2019-08-27 18:55:12', NULL),
(8, 1, 4, 12, 0, 0, 0, 0, 1, '2019-08-27 18:55:12', NULL),
(9, 1, 4, 3, 0, 86, 0, 0, 1, '2019-08-27 18:55:12', NULL),
(10, 1, 4, 15, 0, 29, 0, 0, 1, '2019-08-27 18:55:12', NULL),
(11, 1, 4, 4, 0, 210, 0, 0, 1, '2019-08-27 18:55:12', NULL),
(12, 1, 4, 23, 0, 0, 0, 0, 1, '2019-08-27 18:55:12', NULL),
(13, 1, 4, 26, 0, 0, 0, 0, 1, '2019-08-27 18:55:12', NULL),
(14, 1, 4, 16, 0, 150, 0, 0, 1, '2019-08-27 18:55:12', NULL),
(15, 1, 4, 54, 0, 2, 0, 0, 1, '2019-08-27 19:05:36', NULL),
(29, 3, 1, 1, 0, 70, 0, 0, 1, '2019-08-27 19:30:16', NULL),
(30, 3, 1, 30, 0, 805, 0, 0, 1, '2019-08-27 19:30:16', NULL),
(31, 3, 1, 5, 0, 119, 0, 0, 1, '2019-08-27 19:30:16', NULL),
(32, 3, 1, 31, 0, 496, 0, 0, 1, '2019-08-27 19:30:16', NULL),
(33, 3, 1, 10, 0, 475, 0, 0, 1, '2019-08-27 19:30:16', NULL),
(34, 3, 1, 12, 0, 486, 0, 0, 1, '2019-08-27 19:30:16', NULL),
(35, 3, 1, 34, 0, 527, 0, 0, 1, '2019-08-27 19:30:16', NULL),
(36, 3, 1, 3, 0, 785, 0, 0, 1, '2019-08-27 19:30:16', NULL),
(37, 3, 1, 15, 0, 568, 0, 0, 1, '2019-08-27 19:30:16', NULL),
(38, 3, 1, 4, 0, 206, 0, 0, 1, '2019-08-27 19:30:16', NULL),
(39, 3, 1, 23, 0, 19, 0, 0, 1, '2019-08-27 19:30:16', NULL),
(40, 3, 1, 26, 0, 19, 0, 0, 1, '2019-08-27 19:30:16', NULL),
(41, 3, 1, 18, 0, 46, 0, 0, 1, '2019-08-27 19:30:16', NULL),
(42, 3, 1, 54, 0, 30, 0, 0, 1, '2019-08-27 19:30:16', NULL),
(43, 4, 7, 1, 0, 28, 0, 0, 1, '2019-08-27 19:49:46', NULL),
(44, 4, 7, 30, 0, 96, 0, 0, 1, '2019-08-27 19:49:46', NULL),
(45, 4, 7, 5, 0, 44, 0, 0, 1, '2019-08-27 19:49:46', NULL),
(46, 5, 7, 1, 0, 55, 0, 0, 1, '2019-08-28 15:37:45', NULL),
(47, 5, 7, 5, 0, 22, 0, 0, 1, '2019-08-28 15:37:45', NULL),
(48, 5, 7, 21, 0, 71, 0, 0, 1, '2019-08-28 15:37:45', NULL),
(49, 12, 1, 1, 0, 20, 0, 0, 4, '2019-09-08 15:00:06', NULL),
(50, 12, 1, 30, 0, 11, 0, 0, 4, '2019-09-08 15:00:06', NULL),
(51, 12, 1, 1, 0, 20, 0, 0, 4, '2019-09-08 15:00:42', NULL),
(52, 12, 1, 30, 0, 11, 0, 0, 4, '2019-09-08 15:00:42', NULL),
(53, 12, 1, 2, 0, 55, 0, 0, 4, '2019-09-08 15:00:42', NULL),
(54, 12, 1, 6, 0, 30, 0, 0, 4, '2019-09-08 15:00:42', NULL),
(55, 12, 1, 31, 0, 58, 0, 0, 4, '2019-09-08 15:00:42', NULL),
(56, 12, 1, 8, 0, 70, 0, 0, 4, '2019-09-08 15:00:42', NULL),
(57, 12, 1, 25, 0, 180, 0, 0, 4, '2019-09-08 15:00:42', NULL),
(58, 15, 1, 1, 80, 68, 0, 0, 1, '2019-09-12 06:43:25', NULL),
(59, 15, 1, 5, 120, 78, 5, 0, 1, '2019-09-12 06:43:25', NULL),
(60, 15, 1, 6, 160, 81, 12, 0, 1, '2019-09-12 06:43:25', NULL),
(61, 19, 5, 1, 60, 35, 5, 20, 1, '2019-09-12 06:58:51', NULL),
(62, 20, 3, 1, 80, 20, 10, 50, 1, '2019-09-12 07:01:48', NULL),
(63, 20, 3, 6, 90, 42, 11, 37, 1, '2019-09-12 07:01:48', NULL),
(64, 20, 3, 36, 55, 7, 8, 40, 1, '2019-09-12 07:01:48', NULL),
(65, 20, 3, 21, 199, 98, 1, 100, 1, '2019-09-12 07:01:48', NULL),
(66, 21, 1, 31, 223, 22, 1, 200, 1, '2019-09-12 07:57:28', NULL),
(67, 21, 1, 10, 120, 19, 1, 100, 1, '2019-09-12 07:57:28', NULL);

-- --------------------------------------------------------

--
-- Table structure for table `summarizeipersamples`
--

CREATE TABLE `summarizeipersamples` (
  `sample_id` bigint(11) NOT NULL,
  `test_date_from` date NOT NULL,
  `test_date_to` date NOT NULL,
  `institution_id` int(11) NOT NULL,
  `species_id` int(11) NOT NULL,
  `specimen_id` int(11) NOT NULL,
  `pathogen_id` int(11) NOT NULL,
  `no_of_isolate_tested` int(11) NOT NULL,
  `sensitivity_pattern` varchar(255) COLLATE utf8_unicode_ci NOT NULL,
  `created_by` int(11) NOT NULL,
  `created_at` datetime NOT NULL,
  `updated_at` datetime DEFAULT NULL
) ENGINE=InnoDB DEFAULT CHARSET=utf8 COLLATE=utf8_unicode_ci;

--
-- Dumping data for table `summarizeipersamples`
--

INSERT INTO `summarizeipersamples` (`sample_id`, `test_date_from`, `test_date_to`, `institution_id`, `species_id`, `specimen_id`, `pathogen_id`, `no_of_isolate_tested`, `sensitivity_pattern`, `created_by`, `created_at`, `updated_at`) VALUES
(1, '2018-10-01', '2019-03-31', 1, 1, 1, 4, 80, 'Resistance', 1, '2019-08-27 17:38:37', NULL),
(3, '2018-10-01', '2019-03-31', 1, 1, 4, 1, 90, 'Resistance', 1, '2019-08-27 19:22:48', NULL),
(4, '2018-10-01', '2018-03-31', 1, 1, 3, 7, 100, 'Resistance', 1, '2019-08-27 19:43:30', NULL),
(5, '2019-08-01', '2019-08-08', 4, 1, 1, 3, 210, 'Resistance', 1, '2019-08-28 16:16:57', NULL),
(6, '2019-08-04', '2019-08-11', 3, 4, 4, 5, 120, 'sensitive', 1, '2019-08-28 16:33:05', NULL),
(7, '2019-08-04', '2019-08-11', 3, 4, 4, 5, 130, 'sensitive', 1, '2019-08-28 16:39:26', NULL),
(8, '2019-08-01', '2019-08-31', 5, 2, 2, 6, 199, 'sensitive', 1, '2019-08-28 17:31:30', NULL),
(9, '2019-09-13', '2019-09-18', 8, 2, 4, 1, 67, 'Resistance', 4, '2019-09-03 09:26:33', NULL),
(10, '2019-09-03', '2019-09-03', 4, 4, 1, 7, 130, 'sensitive', 4, '2019-09-08 15:01:52', NULL),
(11, '2019-09-01', '2019-09-12', 7, 2, 2, 3, 150, 'Resistance', 1, '2019-09-12 05:46:27', NULL);

-- --------------------------------------------------------

--
-- Table structure for table `summarizeipersampletests`
--

CREATE TABLE `summarizeipersampletests` (
  `test_id` int(11) NOT NULL,
  `sample_id` int(11) NOT NULL,
  `pathogen_id` int(11) NOT NULL,
  `antibiotic_id` int(11) NOT NULL,
  `test_result_percent` decimal(24,0) NOT NULL,
  `created_by` int(11) NOT NULL,
  `created_at` datetime NOT NULL,
  `updated_at` datetime DEFAULT NULL
) ENGINE=InnoDB DEFAULT CHARSET=utf8 COLLATE=utf8_unicode_ci;

--
-- Dumping data for table `summarizeipersampletests`
--

INSERT INTO `summarizeipersampletests` (`test_id`, `sample_id`, `pathogen_id`, `antibiotic_id`, `test_result_percent`, `created_by`, `created_at`, `updated_at`) VALUES
(1, 2, 3, 4, '28', 1, '2019-08-27 00:00:00', NULL),
(2, 7, 5, 1, '80', 1, '2019-08-28 16:39:46', NULL),
(3, 7, 5, 5, '90', 1, '2019-08-28 16:39:46', NULL),
(4, 7, 5, 6, '100', 1, '2019-08-28 16:39:46', NULL),
(5, 8, 6, 1, '85', 1, '2019-08-28 17:32:21', NULL),
(6, 8, 6, 6, '25', 1, '2019-08-28 17:32:21', NULL),
(7, 8, 6, 8, '77', 1, '2019-08-28 17:32:21', NULL),
(8, 8, 6, 33, '0', 1, '2019-08-28 17:32:21', NULL),
(9, 8, 6, 1, '85', 1, '2019-08-28 17:32:36', NULL),
(10, 8, 6, 6, '25', 1, '2019-08-28 17:32:36', NULL),
(11, 8, 6, 8, '77', 1, '2019-08-28 17:32:36', NULL),
(12, 8, 6, 33, '0', 1, '2019-08-28 17:32:36', NULL),
(13, 8, 6, 12, '45', 1, '2019-08-28 17:32:36', NULL),
(14, 10, 7, 1, '60', 4, '2019-09-08 15:02:16', NULL),
(15, 10, 7, 5, '65', 4, '2019-09-08 15:02:16', NULL),
(16, 10, 7, 6, '32', 4, '2019-09-08 15:02:16', NULL),
(17, 10, 7, 32, '11', 4, '2019-09-08 15:02:16', NULL),
(18, 11, 3, 1, '30', 1, '2019-09-12 05:46:56', NULL),
(19, 11, 3, 5, '60', 1, '2019-09-12 05:46:56', NULL),
(20, 11, 3, 6, '70', 1, '2019-09-12 05:46:56', NULL);

-- --------------------------------------------------------

--
-- Table structure for table `testmethods`
--

CREATE TABLE `testmethods` (
  `test_method_id` int(11) NOT NULL,
  `test_method_name` varchar(255) COLLATE utf8_unicode_ci NOT NULL,
  `created_by` int(11) NOT NULL,
  `created_at` datetime NOT NULL,
  `updated_at` datetime DEFAULT NULL
) ENGINE=InnoDB DEFAULT CHARSET=utf8 COLLATE=utf8_unicode_ci;

--
-- Dumping data for table `testmethods`
--

INSERT INTO `testmethods` (`test_method_id`, `test_method_name`, `created_by`, `created_at`, `updated_at`) VALUES
(1, 'Disk Diffusion', 1, '2019-07-24 20:20:35', '2019-07-28 05:23:49'),
(2, 'MIC', 1, '2019-07-24 20:20:55', NULL);

-- --------------------------------------------------------

--
-- Table structure for table `testsensitivities`
--

CREATE TABLE `testsensitivities` (
  `test_sensitivity_id` int(11) NOT NULL,
  `test_sensitivity_type` varchar(11) COLLATE utf8_unicode_ci NOT NULL,
  `created_by` int(255) NOT NULL,
  `created_at` datetime NOT NULL,
  `updated_at` datetime DEFAULT NULL
) ENGINE=InnoDB DEFAULT CHARSET=utf8 COLLATE=utf8_unicode_ci;

--
-- Dumping data for table `testsensitivities`
--

INSERT INTO `testsensitivities` (`test_sensitivity_id`, `test_sensitivity_type`, `created_by`, `created_at`, `updated_at`) VALUES
(1, 'S', 1, '2019-08-05 17:39:20', NULL),
(2, 'I', 1, '2019-08-05 17:39:31', NULL),
(3, 'R', 1, '2019-08-05 17:39:40', NULL);

-- --------------------------------------------------------

--
-- Table structure for table `users`
--

CREATE TABLE `users` (
  `id` bigint(20) UNSIGNED NOT NULL,
  `name` varchar(255) COLLATE utf8mb4_unicode_ci NOT NULL,
  `email` varchar(255) COLLATE utf8mb4_unicode_ci NOT NULL,
  `email_verified_at` timestamp NULL DEFAULT NULL,
  `password` varchar(255) COLLATE utf8mb4_unicode_ci NOT NULL,
  `remember_token` varchar(100) COLLATE utf8mb4_unicode_ci DEFAULT NULL,
  `created_by` int(11) NOT NULL,
  `created_at` timestamp NULL DEFAULT NULL,
  `updated_at` timestamp NULL DEFAULT NULL
) ENGINE=InnoDB DEFAULT CHARSET=utf8mb4 COLLATE=utf8mb4_unicode_ci;

--
-- Dumping data for table `users`
--

INSERT INTO `users` (`id`, `name`, `email`, `email_verified_at`, `password`, `remember_token`, `created_by`, `created_at`, `updated_at`) VALUES
(1, 'Monawar Hossain Chowdhury', 'monawarhc@gmail.com', NULL, '$2y$12$D74eYUlhfM5QTpyKn886m.kB5eWDVrHMXg5ZiUFP/2A1/kVZVnLeG', 'MbrCs7M4ZEaJsE1CRPZhPgvM9adCnICWBjBluUW2x2QktOQEctqAm3HZ94xm', 1, '2019-05-27 03:50:56', '2019-05-27 03:50:56'),
(14, 'Mohee', 'mohee20@yahoo.com', NULL, '$2y$12$D74eYUlhfM5QTpyKn886m.kB5eWDVrHMXg5ZiUFP/2A1/kVZVnLeG', NULL, 1, '2020-03-03 02:09:24', NULL),
(15, 'munna', 'munna@yahoo.com', NULL, '$2y$10$kvrAnDTKYaMiJap8Ci3iUOr/cq9CktF3K47FxVFSt5Kce2MChml7G', NULL, 1, '2020-03-04 09:14:09', '2020-03-04 09:14:09'),
(16, 'Aftab', 'mohammad.uddin@fao.org', NULL, '$2y$10$AUt20bIIUX.nNDychZZLSOM6pmioyDlEElnLv4fpgD9h4cqEREgYa', NULL, 1, '2020-03-04 14:59:56', '2020-03-04 14:59:56');

-- --------------------------------------------------------

--
-- Table structure for table `zdispathogens`
--

CREATE TABLE `zdispathogens` (
  `zdis_id` int(11) NOT NULL,
  `pathogen_id` int(11) NOT NULL,
  `antibiotic_id` int(11) NOT NULL,
  `sensitive_mm` int(11) DEFAULT NULL,
  `intermediate_mm` varchar(256) COLLATE utf8_unicode_ci DEFAULT NULL,
  `resistance_mm` int(11) DEFAULT NULL,
  `esbl_mm` int(11) DEFAULT NULL,
  `created_by` varchar(256) COLLATE utf8_unicode_ci NOT NULL,
  `created_at` date NOT NULL,
  `updated_at` date DEFAULT NULL
) ENGINE=InnoDB DEFAULT CHARSET=utf8 COLLATE=utf8_unicode_ci;

--
-- Dumping data for table `zdispathogens`
--

INSERT INTO `zdispathogens` (`zdis_id`, `pathogen_id`, `antibiotic_id`, `sensitive_mm`, `intermediate_mm`, `resistance_mm`, `esbl_mm`, `created_by`, `created_at`, `updated_at`) VALUES
(7, 1, 5, 17, '14-16', 13, NULL, '4', '2019-08-19', NULL),
(8, 1, 6, 13, NULL, 12, NULL, '4', '2019-08-19', NULL),
(9, 1, 24, 18, '13-17', 12, NULL, '4', '2019-08-19', NULL),
(10, 1, 4, 15, '13-14', 12, NULL, '4', '2019-08-19', NULL),
(11, 1, 14, 14, '12-13', 11, NULL, '4', '2019-08-19', NULL),
(12, 1, 9, 26, '23-25', 22, NULL, '4', '2019-08-19', NULL),
(13, 1, 10, 21, '18-20', 17, NULL, '4', '2019-08-19', NULL),
(15, 1, 18, 17, '15-16', 14, NULL, '4', '2019-08-19', NULL),
(16, 1, 25, 18, '15-17', 14, NULL, '4', '2019-08-19', NULL),
(17, 1, 23, 23, '20-22', 19, NULL, '4', '2019-08-19', NULL),
(18, 1, 26, 23, '20-22', 19, NULL, '4', '2019-08-19', NULL),
(19, 1, 16, 19, '14-18', 13, NULL, '4', '2019-08-19', NULL),
(20, 1, 27, 15, '12-14', 11, NULL, '4', '2019-08-19', NULL),
(21, 1, 28, 16, '11-15', 10, NULL, '4', '2019-08-19', '2019-08-19'),
(22, 2, 1, 20, '14-19', 13, NULL, '1', '2019-08-29', NULL),
(23, 2, 2, 22, '18-21', 17, NULL, '1', '2019-08-29', NULL),
(24, 3, 1, 28, '20-27', 19, NULL, '1', '2019-08-29', NULL),
(25, 3, 2, 17, '12-16', 11, NULL, '1', '2019-08-29', NULL),
(26, 4, 1, 25, '20-24', 19, NULL, '1', '2019-08-29', NULL),
(27, 4, 2, 23, '18-22', 17, NULL, '1', '2019-08-29', NULL),
(28, 1, 30, 11, '7-10', 6, NULL, '4', '2019-09-01', NULL),
(29, 5, 1, 15, '13-14', 12, NULL, '4', '2019-09-02', NULL),
(30, 8, 1, 16, '10-15', 9, NULL, '4', '2019-09-08', NULL),
(31, 8, 2, 22, '15-21', 14, NULL, '4', '2019-09-08', NULL);

--
-- Indexes for dumped tables
--

--
-- Indexes for table `antibiotics`
--
ALTER TABLE `antibiotics`
  ADD PRIMARY KEY (`antibiotic_id`);

--
-- Indexes for table `breed`
--
ALTER TABLE `breed`
  ADD PRIMARY KEY (`breed_id`);

--
-- Indexes for table `institution`
--
ALTER TABLE `institution`
  ADD PRIMARY KEY (`institution_id`);

--
-- Indexes for table `migrations`
--
ALTER TABLE `migrations`
  ADD PRIMARY KEY (`id`);

--
-- Indexes for table `model_has_permissions`
--
ALTER TABLE `model_has_permissions`
  ADD PRIMARY KEY (`permission_id`,`model_id`,`model_type`),
  ADD KEY `model_has_permissions_model_id_model_type_index` (`model_id`,`model_type`);

--
-- Indexes for table `model_has_roles`
--
ALTER TABLE `model_has_roles`
  ADD PRIMARY KEY (`role_id`,`model_id`,`model_type`),
  ADD KEY `model_has_roles_model_id_model_type_index` (`model_id`,`model_type`);

--
-- Indexes for table `pathogen`
--
ALTER TABLE `pathogen`
  ADD PRIMARY KEY (`pathogen_id`);

--
-- Indexes for table `permissions`
--
ALTER TABLE `permissions`
  ADD PRIMARY KEY (`id`);

--
-- Indexes for table `roles`
--
ALTER TABLE `roles`
  ADD PRIMARY KEY (`id`);

--
-- Indexes for table `role_has_permissions`
--
ALTER TABLE `role_has_permissions`
  ADD PRIMARY KEY (`permission_id`,`role_id`),
  ADD KEY `role_has_permissions_role_id_foreign` (`role_id`);

--
-- Indexes for table `samples`
--
ALTER TABLE `samples`
  ADD PRIMARY KEY (`sample_id`);

--
-- Indexes for table `sampletests`
--
ALTER TABLE `sampletests`
  ADD PRIMARY KEY (`test_id`);

--
-- Indexes for table `sglisamples`
--
ALTER TABLE `sglisamples`
  ADD PRIMARY KEY (`sample_id`);

--
-- Indexes for table `sglisampletests`
--
ALTER TABLE `sglisampletests`
  ADD PRIMARY KEY (`test_id`);

--
-- Indexes for table `sglizdissamples`
--
ALTER TABLE `sglizdissamples`
  ADD PRIMARY KEY (`sample_id`);

--
-- Indexes for table `sglizdissampletests`
--
ALTER TABLE `sglizdissampletests`
  ADD PRIMARY KEY (`test_id`);

--
-- Indexes for table `species`
--
ALTER TABLE `species`
  ADD PRIMARY KEY (`species_id`);

--
-- Indexes for table `specimencollectionlocations`
--
ALTER TABLE `specimencollectionlocations`
  ADD PRIMARY KEY (`specimen_location_id`);

--
-- Indexes for table `specimens`
--
ALTER TABLE `specimens`
  ADD PRIMARY KEY (`specimen_id`);

--
-- Indexes for table `summarizeinumsamples`
--
ALTER TABLE `summarizeinumsamples`
  ADD PRIMARY KEY (`sample_id`);

--
-- Indexes for table `summarizeinumsampletests`
--
ALTER TABLE `summarizeinumsampletests`
  ADD PRIMARY KEY (`test_id`);

--
-- Indexes for table `summarizeipersamples`
--
ALTER TABLE `summarizeipersamples`
  ADD PRIMARY KEY (`sample_id`);

--
-- Indexes for table `summarizeipersampletests`
--
ALTER TABLE `summarizeipersampletests`
  ADD PRIMARY KEY (`test_id`);

--
-- Indexes for table `testmethods`
--
ALTER TABLE `testmethods`
  ADD PRIMARY KEY (`test_method_id`);

--
-- Indexes for table `testsensitivities`
--
ALTER TABLE `testsensitivities`
  ADD PRIMARY KEY (`test_sensitivity_id`);

--
-- Indexes for table `users`
--
ALTER TABLE `users`
  ADD PRIMARY KEY (`id`);

--
-- Indexes for table `zdispathogens`
--
ALTER TABLE `zdispathogens`
  ADD PRIMARY KEY (`zdis_id`);

--
-- AUTO_INCREMENT for dumped tables
--

--
-- AUTO_INCREMENT for table `antibiotics`
--
ALTER TABLE `antibiotics`
  MODIFY `antibiotic_id` int(11) NOT NULL AUTO_INCREMENT, AUTO_INCREMENT=58;

--
-- AUTO_INCREMENT for table `breed`
--
ALTER TABLE `breed`
  MODIFY `breed_id` int(11) NOT NULL AUTO_INCREMENT, AUTO_INCREMENT=17;

--
-- AUTO_INCREMENT for table `institution`
--
ALTER TABLE `institution`
  MODIFY `institution_id` int(11) NOT NULL AUTO_INCREMENT, AUTO_INCREMENT=9;

--
-- AUTO_INCREMENT for table `migrations`
--
ALTER TABLE `migrations`
  MODIFY `id` int(10) UNSIGNED NOT NULL AUTO_INCREMENT, AUTO_INCREMENT=4;

--
-- AUTO_INCREMENT for table `pathogen`
--
ALTER TABLE `pathogen`
  MODIFY `pathogen_id` int(11) NOT NULL AUTO_INCREMENT, AUTO_INCREMENT=12;

--
-- AUTO_INCREMENT for table `permissions`
--
ALTER TABLE `permissions`
  MODIFY `id` int(10) UNSIGNED NOT NULL AUTO_INCREMENT, AUTO_INCREMENT=19;

--
-- AUTO_INCREMENT for table `roles`
--
ALTER TABLE `roles`
  MODIFY `id` int(10) UNSIGNED NOT NULL AUTO_INCREMENT, AUTO_INCREMENT=8;

--
-- AUTO_INCREMENT for table `samples`
--
ALTER TABLE `samples`
  MODIFY `sample_id` bigint(11) NOT NULL AUTO_INCREMENT, AUTO_INCREMENT=9;

--
-- AUTO_INCREMENT for table `sampletests`
--
ALTER TABLE `sampletests`
  MODIFY `test_id` int(11) NOT NULL AUTO_INCREMENT, AUTO_INCREMENT=11;

--
-- AUTO_INCREMENT for table `sglisamples`
--
ALTER TABLE `sglisamples`
  MODIFY `sample_id` bigint(11) NOT NULL AUTO_INCREMENT, AUTO_INCREMENT=41;

--
-- AUTO_INCREMENT for table `sglisampletests`
--
ALTER TABLE `sglisampletests`
  MODIFY `test_id` int(11) NOT NULL AUTO_INCREMENT, AUTO_INCREMENT=418;

--
-- AUTO_INCREMENT for table `sglizdissamples`
--
ALTER TABLE `sglizdissamples`
  MODIFY `sample_id` bigint(11) NOT NULL AUTO_INCREMENT, AUTO_INCREMENT=23;

--
-- AUTO_INCREMENT for table `sglizdissampletests`
--
ALTER TABLE `sglizdissampletests`
  MODIFY `test_id` int(11) NOT NULL AUTO_INCREMENT, AUTO_INCREMENT=29;

--
-- AUTO_INCREMENT for table `species`
--
ALTER TABLE `species`
  MODIFY `species_id` int(11) NOT NULL AUTO_INCREMENT, AUTO_INCREMENT=6;

--
-- AUTO_INCREMENT for table `specimencollectionlocations`
--
ALTER TABLE `specimencollectionlocations`
  MODIFY `specimen_location_id` int(11) NOT NULL AUTO_INCREMENT, AUTO_INCREMENT=8;

--
-- AUTO_INCREMENT for table `specimens`
--
ALTER TABLE `specimens`
  MODIFY `specimen_id` int(11) NOT NULL AUTO_INCREMENT, AUTO_INCREMENT=6;

--
-- AUTO_INCREMENT for table `summarizeinumsamples`
--
ALTER TABLE `summarizeinumsamples`
  MODIFY `sample_id` bigint(11) NOT NULL AUTO_INCREMENT, AUTO_INCREMENT=22;

--
-- AUTO_INCREMENT for table `summarizeinumsampletests`
--
ALTER TABLE `summarizeinumsampletests`
  MODIFY `test_id` int(11) NOT NULL AUTO_INCREMENT, AUTO_INCREMENT=68;

--
-- AUTO_INCREMENT for table `summarizeipersamples`
--
ALTER TABLE `summarizeipersamples`
  MODIFY `sample_id` bigint(11) NOT NULL AUTO_INCREMENT, AUTO_INCREMENT=12;

--
-- AUTO_INCREMENT for table `summarizeipersampletests`
--
ALTER TABLE `summarizeipersampletests`
  MODIFY `test_id` int(11) NOT NULL AUTO_INCREMENT, AUTO_INCREMENT=21;

--
-- AUTO_INCREMENT for table `testmethods`
--
ALTER TABLE `testmethods`
  MODIFY `test_method_id` int(11) NOT NULL AUTO_INCREMENT, AUTO_INCREMENT=3;

--
-- AUTO_INCREMENT for table `testsensitivities`
--
ALTER TABLE `testsensitivities`
  MODIFY `test_sensitivity_id` int(11) NOT NULL AUTO_INCREMENT, AUTO_INCREMENT=4;

--
-- AUTO_INCREMENT for table `users`
--
ALTER TABLE `users`
  MODIFY `id` bigint(20) UNSIGNED NOT NULL AUTO_INCREMENT, AUTO_INCREMENT=17;

--
-- AUTO_INCREMENT for table `zdispathogens`
--
ALTER TABLE `zdispathogens`
  MODIFY `zdis_id` int(11) NOT NULL AUTO_INCREMENT, AUTO_INCREMENT=32;

--
-- Constraints for dumped tables
--

--
-- Constraints for table `model_has_permissions`
--
ALTER TABLE `model_has_permissions`
  ADD CONSTRAINT `model_has_permissions_permission_id_foreign` FOREIGN KEY (`permission_id`) REFERENCES `permissions` (`id`) ON DELETE CASCADE;

--
-- Constraints for table `model_has_roles`
--
ALTER TABLE `model_has_roles`
  ADD CONSTRAINT `model_has_roles_role_id_foreign` FOREIGN KEY (`role_id`) REFERENCES `roles` (`id`) ON DELETE CASCADE;

--
-- Constraints for table `role_has_permissions`
--
ALTER TABLE `role_has_permissions`
  ADD CONSTRAINT `role_has_permissions_permission_id_foreign` FOREIGN KEY (`permission_id`) REFERENCES `permissions` (`id`) ON DELETE CASCADE,
  ADD CONSTRAINT `role_has_permissions_role_id_foreign` FOREIGN KEY (`role_id`) REFERENCES `roles` (`id`) ON DELETE CASCADE;
COMMIT;

/*!40101 SET CHARACTER_SET_CLIENT=@OLD_CHARACTER_SET_CLIENT */;
/*!40101 SET CHARACTER_SET_RESULTS=@OLD_CHARACTER_SET_RESULTS */;
/*!40101 SET COLLATION_CONNECTION=@OLD_COLLATION_CONNECTION */;
